"DataMessageGUID","SensorID","Sensor Name","Date","Value","Formatted Value","Battery","Raw Data","Sensor State","GatewayID","Alert Sent","Signal Strength","Voltage"
"2066e298-cf66-45c1-a817-c847070cdf56","682607","LightSensor 1","11/19/2022 8:04 AM","40.71","40.71 lux","100","40.71|True|0","0","964010","False","100","3.06"
"a0649a22-d4eb-4709-9a72-dc30d90c0edf","682607","LightSensor 1","11/19/2022 7:49 AM","28.09","28.09 lux","100","28.09|True|0","0","964010","False","100","3.06"
"71ce1e8e-b5b7-423f-bb73-d71c90c8a76a","682607","LightSensor 1","11/19/2022 7:34 AM","18.09","18.09 lux","100","18.09|True|0","0","964010","False","100","3.06"
"fb4f19af-2619-443a-9c72-c80c618f3d5a","682607","LightSensor 1","11/19/2022 7:19 AM","13.03","13.03 lux","100","13.03|True|0","0","964010","False","100","3.06"
"de0341d1-ef3a-4531-8fb4-1e55607f6379","682607","LightSensor 1","11/19/2022 7:04 AM","11.47","11.47 lux","100","11.47|True|0","0","964010","False","100","3.06"
"e670e46a-8af2-4865-ac11-464832b6a0be","682607","LightSensor 1","11/19/2022 6:49 AM","11.36","11.36 lux","100","11.36|True|0","0","964010","False","100","3.06"
"0999827c-21c0-492c-9ec5-b64e8d925413","682607","LightSensor 1","11/19/2022 6:34 AM","7.46","7.46 lux","100","7.46|True|0","0","964010","False","100","3.06"
"86ad6858-6489-4f4b-8f5d-bacd4b610fc3","682607","LightSensor 1","11/19/2022 6:19 AM","6.89","6.89 lux","100","6.89|True|0","0","964010","False","100","3.06"
"bde12a99-3581-4215-bcb3-10157503a5d9","682607","LightSensor 1","11/19/2022 6:04 AM","2.59","2.59 lux","100","2.59|True|0","0","964010","False","100","3.06"
"ea5926b5-eb19-43f1-be78-7d95be5c6973","682607","LightSensor 1","11/19/2022 5:49 AM","2.6","2.6 lux","100","2.6|True|0","0","964010","False","100","3.06"
"b2564f44-1743-4e81-9513-0dc3d5f42ca8","682607","LightSensor 1","11/19/2022 5:34 AM","1.82","1.82 lux","100","1.82|True|0","0","964010","False","100","3.06"
"b9dd2abb-8cab-4005-9a2e-5d3b87c8afed","682607","LightSensor 1","11/19/2022 5:19 AM","1.82","1.82 lux","100","1.82|True|0","0","964010","False","100","3.06"
"118250a4-239a-4e4d-abe6-d7b1d93976e7","682607","LightSensor 1","11/19/2022 5:04 AM","2.59","2.59 lux","100","2.59|True|0","0","964010","False","100","3.06"
"eaa5ddf3-72d3-4994-b1fc-3f68a5827155","682607","LightSensor 1","11/19/2022 4:49 AM","2.6","2.6 lux","100","2.6|True|0","0","964010","False","100","3.06"
"81e04b10-4d96-4721-a669-66da9d46b562","682607","LightSensor 1","11/19/2022 4:34 AM","1.81","1.81 lux","100","1.81|True|0","0","964010","False","100","3.06"
"a67baa4e-6f66-4c31-9ac8-08c07c652919","682607","LightSensor 1","11/19/2022 4:19 AM","1.81","1.81 lux","100","1.81|True|0","0","964010","False","100","3.06"
"ec25f08e-ee01-46bd-8bf4-53d537394d24","682607","LightSensor 1","11/19/2022 4:04 AM","2.59","2.59 lux","100","2.59|True|0","0","964010","False","100","3.06"
"74564c39-a3d5-4350-9e75-494b2af4bdab","682607","LightSensor 1","11/19/2022 3:49 AM","2.6","2.6 lux","100","2.6|True|0","0","964010","False","100","3.06"
"6b6dbb1a-fd11-4ab7-84d8-a633034bd873","682607","LightSensor 1","11/19/2022 3:49 AM","2.6","2.6 lux","100","2.6|True|0","0","964010","False","100","3.06"
"e1a7f23f-2f58-40be-8d58-98ff7ceea9b4","682607","LightSensor 1","11/19/2022 3:34 AM","1.81","1.81 lux","100","1.81|True|0","0","964010","False","100","3.06"
"36fcb4ca-7939-4d55-a3d7-21ac3eb78cda","682607","LightSensor 1","11/19/2022 3:34 AM","1.81","1.81 lux","100","1.81|True|0","0","964010","False","100","3.06"
"8416832c-d6a9-40d9-819a-14eb3ed67352","682607","LightSensor 1","11/19/2022 3:19 AM","12.71","12.71 lux","100","12.71|True|0","0","964010","False","100","3.06"
"04fcbf33-8334-4341-9bc8-f0fa8c19fe2b","682607","LightSensor 1","11/19/2022 3:19 AM","12.71","12.71 lux","100","12.71|True|0","0","964010","False","100","3.06"
"1a276e3c-cc0f-4329-9ae4-bc3f331672db","682607","LightSensor 1","11/19/2022 3:04 AM","12.82","12.82 lux","100","12.82|True|0","0","964010","False","100","3.06"
"105e5fe0-be9d-47d2-bd62-6d7bb72fe0c3","682607","LightSensor 1","11/19/2022 2:49 AM","6.77","6.77 lux","100","6.77|True|0","0","964010","False","100","3.06"
"78aae95b-0a27-4009-b84b-98abf0e63595","682607","LightSensor 1","11/19/2022 2:34 AM","0.08","0.08 lux","100","0.08|True|0","0","964010","False","100","3.06"
"d0025dbe-7811-4225-868e-c8bc3ca065e7","682607","LightSensor 1","11/19/2022 2:19 AM","0.09","0.09 lux","100","0.09|True|0","0","964010","False","100","3.06"
"193d1d86-c156-4437-bea2-fd0c51cf029f","682607","LightSensor 1","11/19/2022 2:04 AM","0.86","0.86 lux","100","0.86|True|0","0","964010","False","100","3.06"
"dc22df17-6e80-488c-a843-61bec2650256","682607","LightSensor 1","11/19/2022 1:49 AM","0.88","0.88 lux","100","0.88|True|0","0","964010","False","100","3.06"
"b0f0be0e-81cc-4659-a578-a8ef97b5a32d","682607","LightSensor 1","11/19/2022 1:34 AM","0.08","0.08 lux","100","0.08|True|0","0","964010","False","100","3.06"
"a332771b-f901-42a1-8abc-0e9370a8f3a9","682607","LightSensor 1","11/19/2022 1:19 AM","0.1","0.1 lux","100","0.1|True|0","0","964010","False","100","3.06"
"ac45b47b-d7f1-4c6f-8af5-bac0d96923c8","682607","LightSensor 1","11/19/2022 1:04 AM","0.87","0.87 lux","100","0.87|True|0","0","964010","False","100","3.06"
"12536333-b425-4529-9cfd-1f4b366f30d3","682607","LightSensor 1","11/19/2022 12:49 AM","0.87","0.87 lux","100","0.87|True|0","0","964010","False","100","3.06"
"51e64628-643a-4633-98c0-e616faf162f5","682607","LightSensor 1","11/19/2022 12:34 AM","0.09","0.09 lux","100","0.09|True|0","0","964010","False","100","3.06"
"518588c3-e54d-42f7-b510-c0a491ad94ec","682607","LightSensor 1","11/19/2022 12:19 AM","0.09","0.09 lux","100","0.09|True|0","0","964010","False","100","3.06"
"b85d152f-df39-4dac-91f0-22f656c25286","682607","LightSensor 1","11/19/2022 12:04 AM","6.72","6.72 lux","100","6.72|True|0","0","964010","False","100","3.06"
"122e3a22-84c4-41a5-8867-1c0f05d0d9d3","682607","LightSensor 1","11/18/2022 11:49 PM","0.88","0.88 lux","100","0.88|True|0","0","964010","False","100","3.06"
"f5475741-5ae9-4d00-a8ad-a32a990fb985","682607","LightSensor 1","11/18/2022 11:34 PM","0.09","0.09 lux","100","0.09|True|0","0","964010","False","100","3.06"
"1a256c0d-39ef-4efd-8950-1f1a4c1e6802","682607","LightSensor 1","11/18/2022 11:19 PM","0.09","0.09 lux","100","0.09|True|0","0","964010","False","100","3.06"
"0c6f7e1f-9d1f-4318-94e3-a4162e3cd266","682607","LightSensor 1","11/18/2022 11:04 PM","1.04","1.04 lux","100","1.04|True|0","0","964010","False","100","3.06"
"7beaec0a-109c-440d-9196-cd87cd7e42ea","682607","LightSensor 1","11/18/2022 10:49 PM","9.5","9.5 lux","100","9.5|True|0","0","964010","False","100","3.06"
"73ec57e4-6208-4e7b-8976-9acf6d9d9ae6","682607","LightSensor 1","11/18/2022 10:34 PM","9.5","9.5 lux","100","9.5|True|0","0","964010","False","100","3.06"
"f3b05738-f175-4882-91c3-c8f33b672b9c","682607","LightSensor 1","11/18/2022 10:19 PM","9.49","9.49 lux","100","9.49|True|0","0","964010","False","100","3.06"
"7475eb2b-d4a3-47b6-a549-f7af4d095419","682607","LightSensor 1","11/18/2022 10:04 PM","9.47","9.47 lux","100","9.47|True|0","0","964010","False","100","3.05"
"1b9cede6-b3f8-4050-a2d6-cab4857c6592","682607","LightSensor 1","11/18/2022 9:49 PM","9.69","9.69 lux","100","9.69|True|0","0","964010","False","100","3.06"
"7d31136e-7a22-4cfa-8a6e-abf4c5019d34","682607","LightSensor 1","11/18/2022 9:34 PM","9.6","9.6 lux","100","9.6|True|0","0","964010","False","100","3.06"
"a27efc11-9717-4343-a0f4-79448f1bc8c8","682607","LightSensor 1","11/18/2022 9:19 PM","9.95","9.95 lux","100","9.95|True|0","0","964010","False","100","3.06"
"4888ed7f-0cb6-40ac-b6ad-8ca9c776437b","682607","LightSensor 1","11/18/2022 9:04 PM","9.61","9.61 lux","100","9.61|True|0","0","964010","False","100","3.06"
"82c8e5a3-f3f6-45e9-83fb-61b8dd318cfb","682607","LightSensor 1","11/18/2022 8:49 PM","9.53","9.53 lux","100","9.53|True|0","0","964010","False","100","3.06"
"a6ed24e9-2aaf-463d-9e09-d60165cea70c","682607","LightSensor 1","11/18/2022 8:34 PM","9.64","9.64 lux","100","9.64|True|0","0","964010","False","100","3.06"
"befadd7e-c6cd-4a1e-bcd0-9cb13455cc54","682607","LightSensor 1","11/18/2022 8:19 PM","8.77","8.77 lux","100","8.77|True|0","0","964010","False","100","3.06"
"d4a20e7d-e8aa-415a-86a0-b9279154d36a","682607","LightSensor 1","11/18/2022 8:04 PM","7.99","7.99 lux","100","7.99|True|0","0","964010","False","100","3.06"
"2d207cb4-bab7-425e-9b8e-1d4edaca0a4f","682607","LightSensor 1","11/18/2022 7:49 PM","8.18","8.18 lux","100","8.18|True|0","0","964010","False","100","3.06"
"eecd2b95-e64a-4edd-83b8-e32911404ba7","682607","LightSensor 1","11/18/2022 7:34 PM","9.68","9.68 lux","100","9.68|True|0","0","964010","False","100","3.06"
"8264fa72-5d38-4c47-8801-a66c4defc5d2","682607","LightSensor 1","11/18/2022 7:19 PM","9.72","9.72 lux","100","9.72|True|0","0","964010","False","100","3.06"
"0b4aa428-b79c-40d2-a4ec-4fdb731cb934","682607","LightSensor 1","11/18/2022 7:04 PM","9.8","9.8 lux","100","9.8|True|0","0","964010","False","100","3.06"
"5229c92f-e17e-4a41-8228-11e6eb49d36c","682607","LightSensor 1","11/18/2022 6:49 PM","9.77","9.77 lux","100","9.77|True|0","0","964010","False","100","3.06"
"141fcd7c-bd03-4eda-a712-13ceb43dc18c","682607","LightSensor 1","11/18/2022 6:34 PM","9.59","9.59 lux","100","9.59|True|0","0","964010","False","100","3.06"
"3196afb3-d5d0-4291-a9a0-0541b7df8138","682607","LightSensor 1","11/18/2022 6:19 PM","9.48","9.48 lux","100","9.48|True|0","0","964010","False","100","3.06"
"0f5c5e09-fcd6-4a5c-be4d-3ac0afc65dbf","682607","LightSensor 1","11/18/2022 6:04 PM","10.34","10.34 lux","100","10.34|True|0","0","964010","False","100","3.06"
"79980880-88d9-40c8-b77e-07ed105487b7","682607","LightSensor 1","11/18/2022 5:49 PM","10.52","10.52 lux","100","10.52|True|0","0","964010","False","100","3.06"
"0367c688-7d6e-43c7-9695-46daa5d59a9e","682607","LightSensor 1","11/18/2022 5:34 PM","10.54","10.54 lux","100","10.54|True|0","0","964010","False","100","3.06"
"92ce557e-b066-4871-b949-a8fd12a795e7","682607","LightSensor 1","11/18/2022 5:19 PM","10.53","10.53 lux","100","10.53|True|0","0","964010","False","100","3.06"
"3b1f0bff-8b9a-4295-b7f2-b69b64b43832","682607","LightSensor 1","11/18/2022 5:04 PM","10.22","10.22 lux","100","10.22|True|0","0","964010","False","100","3.06"
"df987b4d-7c22-4151-b8b9-85de9fa0fa86","682607","LightSensor 1","11/18/2022 4:49 PM","10.41","10.41 lux","100","10.41|True|0","0","964010","False","100","3.06"
"7292215b-700a-47d7-bf8b-1ac7bc248a43","682607","LightSensor 1","11/18/2022 4:34 PM","10.65","10.65 lux","100","10.65|True|0","0","964010","False","100","3.06"
"6cec6dd3-e8d9-4990-8f09-57f7248f0ead","682607","LightSensor 1","11/18/2022 4:19 PM","14.34","14.34 lux","100","14.34|True|0","0","964010","False","100","3.06"
"e4a4fbf3-26d0-4815-81f7-44c21061d178","682607","LightSensor 1","11/18/2022 4:04 PM","30.02","30.02 lux","100","30.02|True|0","0","964010","False","100","3.06"
"3d2531bf-0534-4e2a-98cb-832a591064ff","682607","LightSensor 1","11/18/2022 3:49 PM","65.28","65.28 lux","100","65.28|True|0","0","964010","False","100","3.06"
"013948a4-0d6d-49d0-a60c-c08c6efec6ee","682607","LightSensor 1","11/18/2022 3:34 PM","126.68","126.68 lux","100","126.68|True|0","0","964010","False","100","3.06"
"03f97723-775e-472c-a275-a786e4f6ea2a","682607","LightSensor 1","11/18/2022 3:19 PM","196.32","196.32 lux","100","196.32|True|0","0","964010","False","100","3.06"
"dc64ddc6-d4be-4c49-9761-86c6fd56fed5","682607","LightSensor 1","11/18/2022 3:04 PM","328","328 lux","100","328|True|0","0","964010","False","100","3.06"
"c2184806-285d-45c4-be9c-9193a8b4baae","682607","LightSensor 1","11/18/2022 2:49 PM","347.84","347.84 lux","100","347.84|True|0","0","964010","False","100","3.06"
"efc5a7c9-a282-4476-81c4-7182ac45157e","682607","LightSensor 1","11/18/2022 2:49 PM","347.84","347.84 lux","100","347.84|True|0","0","964010","False","100","3.06"
"e96d3703-393c-400b-8555-f18045bad65b","682607","LightSensor 1","11/18/2022 2:34 PM","345.12","345.12 lux","100","345.12|True|0","0","964010","False","100","3.06"
"ed2eb182-1701-4471-9eb4-f2c8fd4ac582","682607","LightSensor 1","11/18/2022 2:19 PM","464.16","464.16 lux","100","464.16|True|0","0","964010","False","100","3.06"
"a40b8182-0622-4b59-83e0-bd6c5c8f3081","682607","LightSensor 1","11/18/2022 2:04 PM","523.2","523.2 lux","100","523.2|True|0","0","964010","False","100","3.06"
"b54c9577-947e-4db1-972a-17a710bd5d2b","682607","LightSensor 1","11/18/2022 1:49 PM","681.92","681.92 lux","100","681.92|True|0","0","964010","False","100","3.06"
"1d539be3-f4d7-44c5-bf0e-4e68fa17e7cc","682607","LightSensor 1","11/18/2022 1:34 PM","983.68","983.68 lux","100","983.68|True|0","0","964010","False","100","3.06"
"c92fac57-2aeb-4474-b788-9cc5c49146e1","682607","LightSensor 1","11/18/2022 1:19 PM","1531.52","1531.52 lux","100","1531.52|True|0","0","964010","False","100","3.06"
"8c3b1269-2f17-457f-b1a6-351cd9c8d2ad","682607","LightSensor 1","11/18/2022 1:04 PM","1458.56","1458.56 lux","100","1458.56|True|0","0","964010","False","100","3.06"
"495e8a25-345e-4158-831b-2c7999f03891","682607","LightSensor 1","11/18/2022 12:49 PM","1067.2","1067.2 lux","100","1067.2|True|0","0","964010","False","100","3.06"
"e83f2380-8a67-4472-8469-c3e705f29bf9","682607","LightSensor 1","11/18/2022 12:34 PM","1312.64","1312.64 lux","100","1312.64|True|0","0","964010","False","100","3.06"
"726ad3bf-5388-4405-8209-b96eb2db6cc6","682607","LightSensor 1","11/18/2022 12:19 PM","1514.88","1514.88 lux","100","1514.88|True|0","0","964010","False","100","3.06"
"609466df-83c2-48ff-8408-586bf49df262","682607","LightSensor 1","11/18/2022 12:04 PM","1062.72","1062.72 lux","100","1062.72|True|0","0","964010","False","100","3.06"
"be0246ba-c1a9-4f1a-9993-5d154f86ab77","682607","LightSensor 1","11/18/2022 11:49 AM","1315.2","1315.2 lux","100","1315.2|True|0","0","964010","False","100","3.06"
"77006bd7-5c49-43cb-a83d-5e594b427c14","682607","LightSensor 1","11/18/2022 11:34 AM","1058.24","1058.24 lux","100","1058.24|True|0","0","964010","False","100","3.06"
"e4f538ed-ff30-4f34-8db1-e56e96936649","682607","LightSensor 1","11/18/2022 11:19 AM","888.32","888.32 lux","100","888.32|True|0","0","964010","False","100","3.06"
"6535a383-38f6-4c83-9950-bf9aac92b596","682607","LightSensor 1","11/18/2022 11:04 AM","1147.84","1147.84 lux","100","1147.84|True|0","0","964010","False","100","3.06"
"04422325-789b-4087-a07e-8d6f0dd25417","682607","LightSensor 1","11/18/2022 10:49 AM","1140.48","1140.48 lux","100","1140.48|True|0","0","964010","False","100","3.06"
"9266be98-b7b6-4301-8cfb-cb59de398288","682607","LightSensor 1","11/18/2022 10:34 AM","1261.12","1261.12 lux","100","1261.12|True|0","0","964010","False","100","3.06"
"34ef71a7-1e2b-4967-9e61-c6eb98c511a6","682607","LightSensor 1","11/18/2022 10:19 AM","811.52","811.52 lux","100","811.52|True|0","0","964010","False","100","3.06"
"ce5cc4b4-9b5d-42c1-96bb-da04df6911aa","682607","LightSensor 1","11/18/2022 10:04 AM","920.32","920.32 lux","100","920.32|True|0","0","964010","False","100","3.04"
"b2f3288b-ff93-4296-bd13-e15d6ad2d485","682607","LightSensor 1","11/18/2022 9:49 AM","2091.52","2091.52 lux","100","2091.52|True|0","0","964010","False","100","3.06"
"27952e24-f014-455e-b5f9-195ad123a205","682607","LightSensor 1","11/18/2022 9:34 AM","2180.48","2180.48 lux","100","2180.48|True|0","0","964010","False","100","3.06"
"9aa69f12-0c9f-4680-bf4a-48cc51a5344f","682607","LightSensor 1","11/18/2022 9:19 AM","2252.16","2252.16 lux","100","2252.16|True|0","0","964010","False","100","3.06"
"c32db3e5-ac31-4c7b-b2f2-caeea11c9cb6","682607","LightSensor 1","11/18/2022 9:04 AM","1300.48","1300.48 lux","100","1300.48|True|0","0","964010","False","100","3.06"
"233e5dfd-e24b-445d-8c2d-99f061582344","682607","LightSensor 1","11/18/2022 8:49 AM","1056.96","1056.96 lux","100","1056.96|True|0","0","964010","False","100","3.06"
"88a68409-4154-4485-a2a0-c89819a72d22","682607","LightSensor 1","11/18/2022 8:34 AM","487.2","487.2 lux","100","487.2|True|0","0","964010","False","100","3.06"
"87de5795-a34b-47a4-81cb-66da12a63c6c","682607","LightSensor 1","11/18/2022 8:19 AM","146.56","146.56 lux","100","146.56|True|0","0","964010","False","100","3.06"
"a74eef3e-6d5b-49e1-ad64-7de8b29d5d09","682607","LightSensor 1","11/18/2022 8:04 AM","77.98","77.98 lux","100","77.98|True|0","0","964010","False","100","3.06"
"9fc22c02-ce82-431a-85d7-6b0bea28c5c9","682607","LightSensor 1","11/18/2022 7:49 AM","47.88","47.88 lux","100","47.88|True|0","0","964010","False","100","3.06"
"d064c1a2-e688-4d34-b2d8-6dc20f4247f6","682607","LightSensor 1","11/18/2022 7:34 AM","22.99","22.99 lux","100","22.99|True|0","0","964010","False","100","3.06"
"297931d0-d553-4abf-9ae4-c0fb41cb41a0","682607","LightSensor 1","11/18/2022 7:19 AM","11.64","11.64 lux","100","11.64|True|0","0","964010","False","100","3.06"
"04f8b06a-4c6e-457a-a589-a4a3f7eea897","682607","LightSensor 1","11/18/2022 7:04 AM","9.7","9.7 lux","100","9.7|True|0","0","964010","False","100","3.06"
"311a7a59-eb5b-4243-a801-db8b4af1db6b","682607","LightSensor 1","11/18/2022 6:49 AM","8.96","8.96 lux","100","8.96|True|0","0","964010","False","100","3.06"
"ea9acabc-150d-4c07-862e-4caffef6d71b","682607","LightSensor 1","11/18/2022 6:49 AM","8.96","8.96 lux","100","8.96|True|0","0","964010","False","100","3.06"
"9f2b0425-4664-4832-8620-533b15037131","682607","LightSensor 1","11/18/2022 6:49 AM","8.96","8.96 lux","100","8.96|True|0","0","964010","False","100","3.06"
"c92b5532-62d2-4037-a0c6-94056f45511b","682607","LightSensor 1","11/18/2022 6:49 AM","8.96","8.96 lux","100","8.96|True|0","0","964010","False","100","3.06"
"5ad546f7-fc3f-4a29-acf5-ebfb36aaba03","682607","LightSensor 1","11/18/2022 6:34 AM","9.28","9.28 lux","100","9.28|True|0","0","964010","False","100","3.06"
"a0156752-e203-4e37-b478-494e585c0220","682607","LightSensor 1","11/18/2022 6:19 AM","9.33","9.33 lux","100","9.33|True|0","0","964010","False","100","3.06"
"91d7889b-4075-4ccc-bff9-3d2bde5e1a2e","682607","LightSensor 1","11/18/2022 6:04 AM","6.77","6.77 lux","100","6.77|True|0","0","964010","False","100","3.06"
"1fd4db25-ce5c-4a5f-9031-5086df650464","682607","LightSensor 1","11/18/2022 5:49 AM","6.62","6.62 lux","100","6.62|True|0","0","964010","False","100","3.06"
"0359b8e9-ad8a-4115-8388-958238343baa","682607","LightSensor 1","11/18/2022 5:34 AM","0.08","0.08 lux","100","0.08|True|0","0","964010","False","100","3.06"
"99a18fe8-efaa-4aac-8ea2-9a20b5b4e88a","682607","LightSensor 1","11/18/2022 5:19 AM","0.08","0.08 lux","100","0.08|True|0","0","964010","False","100","3.06"
"5bf52cfb-4556-4b7c-88ba-7e6055c2b448","682607","LightSensor 1","11/18/2022 5:04 AM","0.87","0.87 lux","100","0.87|True|0","0","964010","False","100","3.06"
"6de63ed7-286b-4159-9641-264ce9822eac","682607","LightSensor 1","11/18/2022 4:49 AM","0.88","0.88 lux","100","0.88|True|0","0","964010","False","100","3.06"
"f638a0e8-7808-4b02-b8e4-80a08ef88730","682607","LightSensor 1","11/18/2022 4:34 AM","5.99","5.99 lux","100","5.99|True|0","0","964010","False","100","3.06"
"e39f4f8b-24dd-4035-a477-bb5d17dd707c","682607","LightSensor 1","11/18/2022 4:19 AM","6.03","6.03 lux","100","6.03|True|0","0","964010","False","100","3.06"
"e252b63a-8de6-43b6-9b9e-9bccf21a164a","682607","LightSensor 1","11/18/2022 4:04 AM","0.86","0.86 lux","100","0.86|True|0","0","964010","False","100","3.06"
"a21676e5-1694-481d-873a-256f5d850a71","682607","LightSensor 1","11/18/2022 4:04 AM","0.86","0.86 lux","100","0.86|True|0","0","964010","False","100","3.06"
"3b4a4e19-ba70-4d7d-966b-4bc61731b6ae","682607","LightSensor 1","11/18/2022 3:49 AM","0.87","0.87 lux","100","0.87|True|0","0","964010","False","100","3.06"
"e83ab699-82ea-4d8d-9821-d0f22ebb7bb3","682607","LightSensor 1","11/18/2022 3:49 AM","0.87","0.87 lux","100","0.87|True|0","0","964010","False","100","3.06"
"49e95cc0-5660-492e-aeb1-68d81438c6e9","682607","LightSensor 1","11/18/2022 3:34 AM","0.08","0.08 lux","100","0.08|True|0","0","964010","False","100","3.06"
"825e666b-15ac-4e85-8120-690f714efd63","682607","LightSensor 1","11/18/2022 3:19 AM","0.08","0.08 lux","100","0.08|True|0","0","964010","False","100","3.06"
"3c891adc-3b81-4aab-830a-10f859af568c","682607","LightSensor 1","11/18/2022 3:04 AM","0.87","0.87 lux","100","0.87|True|0","0","964010","False","100","3.06"
"dc621a6a-7d56-4c90-9b06-dc74d3b9ceac","682607","LightSensor 1","11/18/2022 2:49 AM","0.88","0.88 lux","100","0.88|True|0","0","964010","False","100","3.06"
"1850b8a2-4634-4d80-afd1-ba7e978a1e58","682607","LightSensor 1","11/18/2022 2:34 AM","0.09","0.09 lux","100","0.09|True|0","0","964010","False","100","3.06"
"27bda3ab-e5b2-4c9a-982c-88d572ebb3cb","682607","LightSensor 1","11/18/2022 2:19 AM","0.08","0.08 lux","100","0.08|True|0","0","964010","False","100","3.06"
"32c2b90b-57d7-490a-8c30-214202e38206","682607","LightSensor 1","11/18/2022 2:04 AM","0.88","0.88 lux","100","0.88|True|0","0","964010","False","100","3.06"
"5096fc8f-dd96-4103-af7a-2d1f669adf6b","682607","LightSensor 1","11/18/2022 2:04 AM","0.88","0.88 lux","100","0.88|True|0","0","964010","False","100","3.06"
"76073454-ed1c-44c6-a9d3-e017fa751004","682607","LightSensor 1","11/18/2022 1:49 AM","0.88","0.88 lux","100","0.88|True|0","0","964010","False","100","3.06"
"fc4a696e-494c-4aaf-a5bd-e35e1008f40e","682607","LightSensor 1","11/18/2022 1:49 AM","0.88","0.88 lux","100","0.88|True|0","0","964010","False","100","3.06"
"5276443e-2c88-4233-82a6-44be9d156372","682607","LightSensor 1","11/18/2022 1:34 AM","0.08","0.08 lux","100","0.08|True|0","0","964010","False","100","3.06"
"671c3d13-bb5c-4166-ad83-399be4f99ced","682607","LightSensor 1","11/18/2022 1:34 AM","0.08","0.08 lux","100","0.08|True|0","0","964010","False","100","3.06"
"fdb3bf2c-48fd-49dd-ba1a-4335483e6e41","682607","LightSensor 1","11/18/2022 1:19 AM","0.08","0.08 lux","100","0.08|True|0","0","964010","False","100","3.06"
"fd8b3d63-d4e6-4ada-9854-eb2fc329e164","682607","LightSensor 1","11/18/2022 1:19 AM","0.08","0.08 lux","100","0.08|True|0","0","964010","False","100","3.06"
"ed9e6f3d-f634-4885-a858-c41c1a204967","682607","LightSensor 1","11/18/2022 1:04 AM","0.87","0.87 lux","100","0.87|True|0","0","964010","False","100","3.06"
"c6c89b67-d4b2-4cbe-b18c-989dfce70d70","682607","LightSensor 1","11/18/2022 1:04 AM","0.87","0.87 lux","100","0.87|True|0","0","964010","False","100","3.06"
"22c5eb65-2133-4d90-9931-b0aa5835e27c","682607","LightSensor 1","11/18/2022 12:49 AM","1.06","1.06 lux","100","1.06|True|0","0","964010","False","100","3.06"
"0babd79a-1282-4e33-8090-d90b370036b7","682607","LightSensor 1","11/18/2022 12:49 AM","1.06","1.06 lux","100","1.06|True|0","0","964010","False","100","3.06"
"fadc174d-b262-429d-a360-aea0adba6194","682607","LightSensor 1","11/18/2022 12:34 AM","6.04","6.04 lux","100","6.04|True|0","0","964010","False","100","3.06"
"0390e5c8-5237-4722-a1b1-9619d96ac016","682607","LightSensor 1","11/18/2022 12:34 AM","6.04","6.04 lux","100","6.04|True|0","0","964010","False","100","3.06"
"9fb3f356-2578-4475-9759-6f944f7a568b","682607","LightSensor 1","11/18/2022 12:19 AM","0.08","0.08 lux","100","0.08|True|0","0","964010","False","100","3.06"
"af7af5d5-cd49-4b7c-9d00-c0e7d95176bd","682607","LightSensor 1","11/18/2022 12:19 AM","0.08","0.08 lux","100","0.08|True|0","0","964010","False","100","3.06"
"74e9c362-0391-4b1d-8a2d-7f005c702cb5","682607","LightSensor 1","11/18/2022 12:04 AM","0.86","0.86 lux","100","0.86|True|0","0","964010","False","100","3.06"
"e65b2ed0-e554-4007-b56b-56b56d25e1ea","682607","LightSensor 1","11/18/2022 12:04 AM","0.86","0.86 lux","100","0.86|True|0","0","964010","False","100","3.06"
"4052e9f2-5a89-4e53-9a0d-1532a2db0464","682607","LightSensor 1","11/17/2022 11:49 PM","0.87","0.87 lux","100","0.87|True|0","0","964010","False","100","3.06"
"33ca46cc-2d39-4ccb-95b7-9a64184bd832","682607","LightSensor 1","11/17/2022 11:49 PM","0.87","0.87 lux","100","0.87|True|0","0","964010","False","100","3.06"
"6a9be125-b3d1-4b16-a9a3-e983b8985e9d","682607","LightSensor 1","11/17/2022 11:34 PM","0.08","0.08 lux","100","0.08|True|0","0","964010","False","100","3.06"
"26a361f7-091a-410b-8b8e-4311a037a349","682607","LightSensor 1","11/17/2022 11:34 PM","0.08","0.08 lux","100","0.08|True|0","0","964010","False","100","3.06"
"2a5873cf-6059-4c26-afa0-6463a0707e1a","682607","LightSensor 1","11/17/2022 11:19 PM","0.08","0.08 lux","100","0.08|True|0","0","964010","False","100","3.06"
"f0c6eb06-5c9e-4158-9cf7-91eea403e81b","682607","LightSensor 1","11/17/2022 11:19 PM","0.08","0.08 lux","100","0.08|True|0","0","964010","False","100","3.06"
"c23a2124-8dad-4880-b9e9-40452872b4ac","682607","LightSensor 1","11/17/2022 11:04 PM","0.86","0.86 lux","100","0.86|True|0","0","964010","False","100","3.06"
"6e2018d5-eaa9-4704-84a8-d9681fb9a0c8","682607","LightSensor 1","11/17/2022 11:04 PM","0.86","0.86 lux","100","0.86|True|0","0","964010","False","100","3.06"
"f1933346-6d43-4094-be3b-e0df8fa6edc2","682607","LightSensor 1","11/17/2022 10:49 PM","0.87","0.87 lux","100","0.87|True|0","0","964010","False","100","3.06"
"a137daf6-5b2a-40a4-b2c5-a857a82921f8","682607","LightSensor 1","11/17/2022 10:49 PM","0.87","0.87 lux","100","0.87|True|0","0","964010","False","100","3.06"
"bd50028d-6449-4e05-96e2-c7dbcd555700","682607","LightSensor 1","11/17/2022 10:34 PM","0.87","0.87 lux","100","0.87|True|0","0","964010","False","100","3.06"
"940c374f-7394-41dc-9294-808691ce6799","682607","LightSensor 1","11/17/2022 10:34 PM","0.87","0.87 lux","100","0.87|True|0","0","964010","False","100","3.06"
"f3334d14-4753-4c17-adf8-001386fab652","682607","LightSensor 1","11/17/2022 10:19 PM","5.18","5.18 lux","100","5.18|True|0","0","964010","False","100","3.06"
"f086f86a-d64c-48de-a268-be38a5b13d3a","682607","LightSensor 1","11/17/2022 10:19 PM","5.18","5.18 lux","100","5.18|True|0","0","964010","False","100","3.06"
"9503e741-4aa6-46f4-b468-928cb77d5c91","682607","LightSensor 1","11/17/2022 10:04 PM","5.6","5.6 lux","100","5.6|True|0","0","964010","False","100","3.04"
"b26d8827-c5e8-4a2a-bb66-522ed240ea1d","682607","LightSensor 1","11/17/2022 10:04 PM","5.6","5.6 lux","100","5.6|True|0","0","964010","False","100","3.04"
"fddb0db4-fb27-4afb-85ed-35a70b5b4a12","682607","LightSensor 1","11/17/2022 9:49 PM","9.43","9.43 lux","100","9.43|True|0","0","964010","False","100","3.06"
"3598e18b-1c97-4bf7-8ef0-d60c7f9cbfc3","682607","LightSensor 1","11/17/2022 9:49 PM","9.43","9.43 lux","100","9.43|True|0","0","964010","False","100","3.06"
"aad93ad5-3374-4713-86e6-4782b683f9ac","682607","LightSensor 1","11/17/2022 9:34 PM","9.37","9.37 lux","100","9.37|True|0","0","964010","False","100","3.06"
"40aab151-7aab-4e61-8681-70a63f054c16","682607","LightSensor 1","11/17/2022 9:34 PM","9.37","9.37 lux","100","9.37|True|0","0","964010","False","100","3.06"
"8b3032e1-0997-4d1d-8119-60059e452bc1","682607","LightSensor 1","11/17/2022 9:19 PM","5.2","5.2 lux","100","5.2|True|0","0","964010","False","100","3.06"
"857a7ad3-5ce5-413b-b890-37c71a93beb5","682607","LightSensor 1","11/17/2022 9:04 PM","7.77","7.77 lux","100","7.77|True|0","0","964010","False","100","3.06"
"3a2c1939-baf7-466a-8c17-a148b895c92c","682607","LightSensor 1","11/17/2022 9:04 PM","7.77","7.77 lux","100","7.77|True|0","0","964010","False","100","3.06"
"31b47500-05c4-425b-b23d-5075cd8782b9","682607","LightSensor 1","11/17/2022 8:49 PM","9.37","9.37 lux","100","9.37|True|0","0","964010","False","100","3.06"
"b8d703d0-9f3c-4280-8129-843a7ecdbc0f","682607","LightSensor 1","11/17/2022 8:49 PM","9.37","9.37 lux","100","9.37|True|0","0","964010","False","100","3.06"
"68e27241-f809-40bc-b5cc-4d664c00ae71","682607","LightSensor 1","11/17/2022 8:34 PM","6.01","6.01 lux","100","6.01|True|0","0","964010","False","100","3.06"
"f52fd84d-21ad-42ab-9a88-2a8d682af62e","682607","LightSensor 1","11/17/2022 8:34 PM","6.01","6.01 lux","100","6.01|True|0","0","964010","False","100","3.06"
"d81070d8-fe02-4cdb-90c0-1f2b443b7b8b","682607","LightSensor 1","11/17/2022 8:19 PM","9.66","9.66 lux","100","9.66|True|0","0","964010","False","100","3.06"
"898e981d-d3a0-448b-9b27-77129478b49b","682607","LightSensor 1","11/17/2022 8:19 PM","9.66","9.66 lux","100","9.66|True|0","0","964010","False","100","3.06"
"532992c5-4dab-4d5b-bd12-517cf6336c2d","682607","LightSensor 1","11/17/2022 8:04 PM","9.58","9.58 lux","100","9.58|True|0","0","964010","False","100","3.06"
"8e11550a-83e9-4700-830c-165f3a7b1162","682607","LightSensor 1","11/17/2022 7:49 PM","9.63","9.63 lux","100","9.63|True|0","0","964010","False","100","3.06"
"225ef328-0384-4b50-bb10-d73e268bafaa","682607","LightSensor 1","11/17/2022 7:34 PM","9.67","9.67 lux","100","9.67|True|0","0","964010","False","100","3.06"
"d1570088-6bdb-41df-9824-2b49961f2996","682607","LightSensor 1","11/17/2022 7:19 PM","9.64","9.64 lux","100","9.64|True|0","0","964010","False","100","3.06"
"28e2aaef-fcf6-4bc9-99c1-bdcd7c76cd68","682607","LightSensor 1","11/17/2022 7:04 PM","9.68","9.68 lux","100","9.68|True|0","0","964010","False","100","3.06"
"8c56610b-f03c-43a3-8e92-429893aa8471","682607","LightSensor 1","11/17/2022 6:49 PM","9.68","9.68 lux","100","9.68|True|0","0","964010","False","100","3.06"
"b48cf6a4-c699-4802-ab67-96b41102191b","682607","LightSensor 1","11/17/2022 6:34 PM","9.78","9.78 lux","100","9.78|True|0","0","964010","False","100","3.06"
"d8371d3a-341d-4d4b-bca2-d9fdcc7d76ff","682607","LightSensor 1","11/17/2022 6:34 PM","9.78","9.78 lux","100","9.78|True|0","0","964010","False","100","3.06"
"19acddfe-db8a-4abb-9718-31b20e1e1b5a","682607","LightSensor 1","11/17/2022 6:19 PM","9.76","9.76 lux","100","9.76|True|0","0","964010","False","100","3.06"
"d10dfcac-eab7-4de8-aaae-8b0ca124ce08","682607","LightSensor 1","11/17/2022 6:04 PM","9.74","9.74 lux","100","9.74|True|0","0","964010","False","100","3.06"
"2508abee-fcd6-4156-9f35-01e527b6af1a","682607","LightSensor 1","11/17/2022 5:49 PM","10.66","10.66 lux","100","10.66|True|0","0","964010","False","100","3.06"
"db926764-b8fc-4f76-ab76-55c48cf3659f","682607","LightSensor 1","11/17/2022 5:34 PM","10.68","10.68 lux","100","10.68|True|0","0","964010","False","100","3.06"
"fc7a848e-aef0-4206-9319-1a1ac6f1c16a","682607","LightSensor 1","11/17/2022 5:19 PM","10.66","10.66 lux","100","10.66|True|0","0","964010","False","100","3.06"
"fd044863-282c-4143-8837-7fa6ce8a85fe","682607","LightSensor 1","11/17/2022 5:04 PM","10.45","10.45 lux","100","10.45|True|0","0","964010","False","100","3.06"
"4ccc57cd-c417-4ff5-bd80-946334a9e5f9","682607","LightSensor 1","11/17/2022 4:49 PM","10.68","10.68 lux","100","10.68|True|0","0","964010","False","100","3.06"
"5297e259-032d-4cd1-81d5-638ac4cf9e83","682607","LightSensor 1","11/17/2022 4:34 PM","10.94","10.94 lux","100","10.94|True|0","0","964010","False","100","3.06"
"bb4cd4c3-d24c-4c6a-af79-a281d0a9449b","682607","LightSensor 1","11/17/2022 4:19 PM","12.29","12.29 lux","100","12.29|True|0","0","964010","False","100","3.06"
"7a097027-ebcc-44eb-8809-f9ecc1241349","682607","LightSensor 1","11/17/2022 4:04 PM","24.57","24.57 lux","100","24.57|True|0","0","964010","False","100","3.06"
"9fc322f0-f9ce-44b6-a5a0-91075e7b3e7e","682607","LightSensor 1","11/17/2022 3:49 PM","42.78","42.78 lux","100","42.78|True|0","0","964010","False","100","3.06"
"bfe7a098-09fa-425e-b8cc-dd96fc8de79c","682607","LightSensor 1","11/17/2022 3:34 PM","58.8","58.8 lux","100","58.8|True|0","0","964010","False","100","3.06"
"0ef50209-d961-4183-8ac7-dcc621cc3621","682607","LightSensor 1","11/17/2022 3:19 PM","77.7","77.7 lux","100","77.7|True|0","0","964010","False","100","3.06"
"1ed3063c-17b2-4882-88fa-92147396b62b","682607","LightSensor 1","11/17/2022 3:04 PM","107.72","107.72 lux","100","107.72|True|0","0","964010","False","100","3.06"
"56be1afe-9ac7-4568-9656-0b4fb251e8e5","682607","LightSensor 1","11/17/2022 2:49 PM","104.84","104.84 lux","100","104.84|True|0","0","964010","False","100","3.06"
"13b3f30f-7421-4580-9bf1-5e1c0f7f6673","682607","LightSensor 1","11/17/2022 2:34 PM","233.68","233.68 lux","100","233.68|True|0","0","964010","False","100","3.06"
"d0b35c82-699c-41b2-ae0f-94667bbc89c3","682607","LightSensor 1","11/17/2022 2:19 PM","687.68","687.68 lux","100","687.68|True|0","0","964010","False","100","3.06"
"3886d596-3b1a-4953-afad-d407804b2531","682607","LightSensor 1","11/17/2022 2:04 PM","188.88","188.88 lux","100","188.88|True|0","0","964010","False","100","3.06"
"5744e75f-4456-41fe-86bc-fcb37d30723d","682607","LightSensor 1","11/17/2022 1:49 PM","211.28","211.28 lux","100","211.28|True|0","0","964010","False","100","3.06"
"5e5d55e0-b8b2-4c18-9729-c879037c9341","682607","LightSensor 1","11/17/2022 1:34 PM","255.52","255.52 lux","100","255.52|True|0","0","964010","False","100","3.06"
"63641b51-98e9-412e-b803-563ebffac881","682607","LightSensor 1","11/17/2022 1:19 PM","216.08","216.08 lux","100","216.08|True|0","0","964010","False","100","3.06"
"6a1168f7-4f32-458d-b70c-831c1dcd6906","682607","LightSensor 1","11/17/2022 1:04 PM","1148.8","1148.8 lux","100","1148.8|True|0","0","964010","False","100","3.06"
"ea90ade7-c0cd-49ce-8d97-b0bcd07eb48f","682607","LightSensor 1","11/17/2022 12:49 PM","565.76","565.76 lux","100","565.76|True|0","0","964010","False","100","3.06"
"92f99b67-1bc9-4f82-8d50-6b7b42be66ab","682607","LightSensor 1","11/17/2022 12:34 PM","456.16","456.16 lux","100","456.16|True|0","0","964010","False","100","3.06"
"1dd78453-3ec1-4f09-ba70-f97d6c864cd9","682607","LightSensor 1","11/17/2022 12:19 PM","344.16","344.16 lux","100","344.16|True|0","0","964010","False","100","3.06"
"1f079b89-a001-43c8-b42d-429ed07039f9","682607","LightSensor 1","11/17/2022 12:04 PM","338.72","338.72 lux","100","338.72|True|0","0","964010","False","100","3.06"
"2bc16e05-7702-4e33-adeb-58e48831d41f","682607","LightSensor 1","11/17/2022 11:49 AM","243.68","243.68 lux","100","243.68|True|0","0","964010","False","100","3.06"
"08504a21-2927-414c-8ef3-e4e42819fa6e","682607","LightSensor 1","11/17/2022 11:34 AM","185.84","185.84 lux","100","185.84|True|0","0","964010","False","100","3.06"
"0b9759ab-75e2-4e2b-ac52-d346910989ea","682607","LightSensor 1","11/17/2022 11:19 AM","258.16","258.16 lux","100","258.16|True|0","0","964010","False","100","3.06"
"1462e7dc-7ded-4745-8e63-fdd0c5f8a2dc","682607","LightSensor 1","11/17/2022 11:04 AM","362.56","362.56 lux","100","362.56|True|0","0","964010","False","100","3.06"
"9b068768-53c1-4ab6-9b84-ce868072dd2b","682607","LightSensor 1","11/17/2022 10:49 AM","199.6","199.6 lux","100","199.6|True|0","0","964010","False","100","3.06"
"da7e7c03-e4d1-4cd8-a15a-c0f7aca55c99","682607","LightSensor 1","11/17/2022 10:34 AM","244.08","244.08 lux","100","244.08|True|0","0","964010","False","100","3.06"
"cd1308db-a687-4b58-8d41-d3741296ac59","682607","LightSensor 1","11/17/2022 10:19 AM","238.48","238.48 lux","100","238.48|True|0","0","964010","False","100","3.06"
"ba864d75-7baf-45c0-b059-96569c616cbe","682607","LightSensor 1","11/17/2022 10:04 AM","111.28","111.28 lux","100","111.28|True|0","0","964010","False","100","3.04"
"4c3062fc-f045-4f3f-a893-0fa2a82c7987","682607","LightSensor 1","11/17/2022 9:49 AM","266.64","266.64 lux","100","266.64|True|0","0","964010","False","100","3.06"
"e126a65b-8233-494a-9eec-a404caf2315e","682607","LightSensor 1","11/17/2022 9:34 AM","219.92","219.92 lux","100","219.92|True|0","0","964010","False","100","3.06"
"336a4bbd-cbd0-487f-8770-b068689c8b31","682607","LightSensor 1","11/17/2022 9:19 AM","240.24","240.24 lux","100","240.24|True|0","0","964010","False","100","3.06"
"429c0325-b21c-45aa-82a8-a1b930cce793","682607","LightSensor 1","11/17/2022 9:04 AM","276.32","276.32 lux","100","276.32|True|0","0","964010","False","100","3.06"
"3f1e9dcf-6ad1-4168-8a8d-992207cf8ba7","682607","LightSensor 1","11/17/2022 8:49 AM","114.16","114.16 lux","100","114.16|True|0","0","964010","False","100","3.06"
"e4a03fc8-5b20-4db9-aea1-2354d02d339a","682607","LightSensor 1","11/17/2022 8:49 AM","114.16","114.16 lux","100","114.16|True|0","0","964010","False","100","3.06"
"b65f4a80-bb4a-4cf4-bebf-9b9857fa7640","682607","LightSensor 1","11/17/2022 8:34 AM","67.24","67.24 lux","100","67.24|True|0","0","964010","False","100","3.06"
"c1eaf65d-77e9-403b-b196-3dfc4e2593ff","682607","LightSensor 1","11/17/2022 8:19 AM","116.72","116.72 lux","100","116.72|True|0","0","964010","False","100","3.06"
"c8b50367-3893-4cbe-9a12-976da2a2076b","682607","LightSensor 1","11/17/2022 8:04 AM","82.32","82.32 lux","100","82.32|True|0","0","964010","False","100","3.06"
"81222791-1784-4fcf-a289-146039d55bcf","682607","LightSensor 1","11/17/2022 7:49 AM","18.08","18.08 lux","100","18.08|True|0","0","964010","False","100","3.06"
"64f43f14-02db-4186-bef7-0aeb48e2adae","682607","LightSensor 1","11/17/2022 7:34 AM","16.47","16.47 lux","100","16.47|True|0","0","964010","False","100","3.06"
"0e02c482-5d3d-406d-934e-a07f7c581e86","682607","LightSensor 1","11/17/2022 7:19 AM","11.4","11.4 lux","100","11.4|True|0","0","964010","False","100","3.06"
"6b8775d7-4a2e-4b2b-8b20-13d3952406ca","682607","LightSensor 1","11/17/2022 7:04 AM","9.66","9.66 lux","100","9.66|True|0","0","964010","False","100","3.06"
"b80ef090-e54b-4aab-b9ef-a7ab0116c809","682607","LightSensor 1","11/17/2022 6:49 AM","9.72","9.72 lux","100","9.72|True|0","0","964010","False","100","3.06"
"c09f69b7-17f1-468e-b3e3-d958a22cb34c","682607","LightSensor 1","11/17/2022 6:34 AM","6.04","6.04 lux","100","6.04|True|0","0","964010","False","100","3.06"
"39648561-5335-4c38-a647-a1f518c4643a","682607","LightSensor 1","11/17/2022 6:19 AM","5.84","5.84 lux","100","5.84|True|0","0","964010","False","100","3.06"
"e31f5059-8476-47eb-9bf9-2ef276abbe85","682607","LightSensor 1","11/17/2022 6:04 AM","6.84","6.84 lux","100","6.84|True|0","0","964010","False","100","3.06"
"8707ad71-ccde-454c-9604-505fcb0e9ad7","682607","LightSensor 1","11/17/2022 6:04 AM","6.84","6.84 lux","100","6.84|True|0","0","964010","False","100","3.06"
"09af4997-9ce7-4b52-a7b0-a136003c45bd","682607","LightSensor 1","11/17/2022 5:49 AM","6.69","6.69 lux","100","6.69|True|0","0","964010","False","100","3.06"
"92aa8786-d6c5-4741-8eea-97340e4254d6","682607","LightSensor 1","11/17/2022 5:34 AM","0.08","0.08 lux","100","0.08|True|0","0","964010","False","100","3.06"
"1c74b2d1-bb96-4309-8bea-1c2596084ca3","682607","LightSensor 1","11/17/2022 5:34 AM","0.08","0.08 lux","100","0.08|True|0","0","964010","False","100","3.06"
"16df83af-ad15-4527-acf9-ecb671e19a9a","682607","LightSensor 1","11/17/2022 5:19 AM","0.08","0.08 lux","100","0.08|True|0","0","964010","False","100","3.06"
"c47b4f89-9de5-4e58-8cc6-c97247545fcd","682607","LightSensor 1","11/17/2022 5:04 AM","0.87","0.87 lux","100","0.87|True|0","0","964010","False","100","3.06"
"4a1b408c-a3da-43ca-8908-7a533fa9dc40","682607","LightSensor 1","11/17/2022 4:49 AM","0.88","0.88 lux","100","0.88|True|0","0","964010","False","100","3.06"
"efb338cc-d3d3-448e-af23-d232da68d5d4","682607","LightSensor 1","11/17/2022 4:34 AM","0.09","0.09 lux","100","0.09|True|0","0","964010","False","100","3.06"
"9cec1ded-82c3-4f6c-893f-076ed32bbda5","682607","LightSensor 1","11/17/2022 4:19 AM","0.08","0.08 lux","100","0.08|True|0","0","964010","False","100","3.06"
"2173016c-fc68-4894-9364-65859bb1ccbe","682607","LightSensor 1","11/17/2022 4:04 AM","0.86","0.86 lux","100","0.86|True|0","0","964010","False","100","3.06"
"af7c3c66-25c2-44d9-b5de-a2d031cd56eb","682607","LightSensor 1","11/17/2022 4:04 AM","0.86","0.86 lux","100","0.86|True|0","0","964010","False","100","3.06"
"f29b70b4-73c4-4d6e-b4e6-deb15064f694","682607","LightSensor 1","11/17/2022 3:49 AM","6.83","6.83 lux","100","6.83|True|0","0","964010","False","100","3.06"
"45fc45a0-3170-41c4-8aec-140c54138995","682607","LightSensor 1","11/17/2022 3:49 AM","6.83","6.83 lux","100","6.83|True|0","0","964010","False","100","3.06"
"e5cea2a1-ee8d-49fb-a71d-261e65c12962","682607","LightSensor 1","11/17/2022 3:34 AM","6.08","6.08 lux","100","6.08|True|0","0","964010","False","100","3.06"
"f7046bb7-4f84-4a7f-9a01-75f2a1cd306d","682607","LightSensor 1","11/17/2022 3:34 AM","6.08","6.08 lux","100","6.08|True|0","0","964010","False","100","3.06"
"1e936c0a-6980-4f23-b157-867a4df6dc9b","682607","LightSensor 1","11/17/2022 3:19 AM","0.08","0.08 lux","100","0.08|True|0","0","964010","False","100","3.06"
"b3384a60-f202-4644-ba58-49755f1cc579","682607","LightSensor 1","11/17/2022 3:19 AM","0.08","0.08 lux","100","0.08|True|0","0","964010","False","100","3.06"
"7179b73e-48ca-45c5-80ba-68a88a0d9f98","682607","LightSensor 1","11/17/2022 3:04 AM","0.86","0.86 lux","100","0.86|True|0","0","964010","False","100","3.06"
"36b3a72c-bff5-46ae-b5d3-3181c78c5cae","682607","LightSensor 1","11/17/2022 2:49 AM","0.88","0.88 lux","100","0.88|True|0","0","964010","False","100","3.06"
"2e74b296-398f-4643-b8b0-f80006c87df0","682607","LightSensor 1","11/17/2022 2:34 AM","0.09","0.09 lux","100","0.09|True|0","0","964010","False","100","3.06"
"946ac22a-4dea-4051-bec2-39f0bf32b84a","682607","LightSensor 1","11/17/2022 2:19 AM","5.23","5.23 lux","100","5.23|True|0","0","964010","False","100","3.06"
"5303820f-f088-4889-bcef-425d592b6178","682607","LightSensor 1","11/17/2022 2:04 AM","6.08","6.08 lux","100","6.08|True|0","0","964010","False","100","3.06"
"6b4fd388-d069-44ed-b860-5f9f0d0cf012","682607","LightSensor 1","11/17/2022 2:04 AM","6.08","6.08 lux","100","6.08|True|0","0","964010","False","100","3.06"
"39f3ce7e-865a-4bba-9f7b-d83ddf7ed35a","682607","LightSensor 1","11/17/2022 1:49 AM","0.88","0.88 lux","100","0.88|True|0","0","964010","False","100","3.06"
"c4604406-05a3-4d2a-9635-bf3cfe446f41","682607","LightSensor 1","11/17/2022 1:49 AM","0.88","0.88 lux","100","0.88|True|0","0","964010","False","100","3.06"
"1567bbe4-31cb-4844-878d-5920bf65cc03","682607","LightSensor 1","11/17/2022 1:34 AM","0.08","0.08 lux","100","0.08|True|0","0","964010","False","100","3.06"
"d3f2a4ee-c3d8-4161-acd4-1a72a980d4f9","682607","LightSensor 1","11/17/2022 1:34 AM","0.08","0.08 lux","100","0.08|True|0","0","964010","False","100","3.06"
"32bd3ae9-f59f-4939-afe8-0dafbe1d4234","682607","LightSensor 1","11/17/2022 1:19 AM","0.08","0.08 lux","100","0.08|True|0","0","964010","False","100","3.06"
"74c6ccdb-89e8-4308-8204-9763ce0217bb","682607","LightSensor 1","11/17/2022 1:19 AM","0.08","0.08 lux","100","0.08|True|0","0","964010","False","100","3.06"
"40ff5026-10c3-4b60-ab58-b11362a8fe90","682607","LightSensor 1","11/17/2022 1:04 AM","0.87","0.87 lux","100","0.87|True|0","0","964010","False","100","3.06"
"36e07ea6-f6d9-4845-bb03-ef47c4385f6e","682607","LightSensor 1","11/17/2022 12:49 AM","1.06","1.06 lux","100","1.06|True|0","0","964010","False","100","3.06"
"db64a28b-0378-4c50-9dae-d009bd3ccaff","682607","LightSensor 1","11/17/2022 12:34 AM","5.86","5.86 lux","100","5.86|True|0","0","964010","False","100","3.06"
"593b3f1a-3711-430a-96bf-3334e723ffd1","682607","LightSensor 1","11/17/2022 12:19 AM","0.08","0.08 lux","100","0.08|True|0","0","964010","False","100","3.06"
"b8a7dd48-5700-4cdf-8bc8-026db6ef545d","682607","LightSensor 1","11/17/2022 12:04 AM","0.86","0.86 lux","100","0.86|True|0","0","964010","False","100","3.06"
"943deefb-4a39-4bf6-a06e-9d5b53a5d8ae","682607","LightSensor 1","11/17/2022 12:04 AM","0.86","0.86 lux","100","0.86|True|0","0","964010","False","100","3.06"
"726d1183-19c7-4920-8478-f18ebbb81e4c","682607","LightSensor 1","11/17/2022 12:04 AM","0.86","0.86 lux","100","0.86|True|0","0","964010","False","100","3.06"
"b43e116a-ea55-4d18-961b-ed2466a42a1e","682607","LightSensor 1","11/16/2022 11:49 PM","0.86","0.86 lux","100","0.86|True|0","0","964010","False","100","3.06"
"14b6ae8a-c725-4179-b400-ad3d8fbba717","682607","LightSensor 1","11/16/2022 11:49 PM","0.86","0.86 lux","100","0.86|True|0","0","964010","False","100","3.06"
"9129e7a1-0d51-4956-9589-21cf9cddda40","682607","LightSensor 1","11/16/2022 11:49 PM","0.86","0.86 lux","100","0.86|True|0","0","964010","False","100","3.06"
"7ce94685-3dc3-4a57-a95d-00d5e58a9aca","682607","LightSensor 1","11/16/2022 11:34 PM","0.07","0.07 lux","100","0.07|True|0","0","964010","False","100","3.06"
"11c283e2-8dd2-4f18-bbab-1f6310c74fa6","682607","LightSensor 1","11/16/2022 11:34 PM","0.07","0.07 lux","100","0.07|True|0","0","964010","False","100","3.06"
"68450012-8cf8-4401-a1a7-774f9651f7f7","682607","LightSensor 1","11/16/2022 11:34 PM","0.07","0.07 lux","100","0.07|True|0","0","964010","False","100","3.06"
"95a27e3b-b210-4a3c-b011-7fca3597014f","682607","LightSensor 1","11/16/2022 11:19 PM","0.07","0.07 lux","100","0.07|True|0","0","964010","False","100","3.06"
"c41c07a9-795e-42dc-9073-43668b360b9d","682607","LightSensor 1","11/16/2022 11:19 PM","0.07","0.07 lux","100","0.07|True|0","0","964010","False","100","3.06"
"58a10578-d505-4a9f-af9f-651488f649c9","682607","LightSensor 1","11/16/2022 11:04 PM","0.85","0.85 lux","100","0.85|True|0","0","964010","False","100","3.06"
"b13856ba-d04f-4ee0-a323-abd77d0dc70d","682607","LightSensor 1","11/16/2022 11:04 PM","0.85","0.85 lux","100","0.85|True|0","0","964010","False","100","3.06"
"5942b21b-5211-4252-b7aa-d72465ded098","682607","LightSensor 1","11/16/2022 11:04 PM","0.85","0.85 lux","100","0.85|True|0","0","964010","False","100","3.06"
"bd1b16aa-ffa6-4031-a3b2-9bbde3c4c48a","682607","LightSensor 1","11/16/2022 10:49 PM","0.86","0.86 lux","100","0.86|True|0","0","964010","False","100","3.06"
"13d29cb9-52fb-4828-9f29-ef6e23205465","682607","LightSensor 1","11/16/2022 10:49 PM","0.86","0.86 lux","100","0.86|True|0","0","964010","False","100","3.06"
"d96f3c55-5264-4136-9611-18edf8d4c085","682607","LightSensor 1","11/16/2022 10:49 PM","0.86","0.86 lux","100","0.86|True|0","0","964010","False","100","3.06"
"4ad334b5-9b66-4cac-b2b2-57463b21211b","682607","LightSensor 1","11/16/2022 10:34 PM","0.48","0.48 lux","100","0.48|True|0","0","964010","False","100","3.06"
"315a31e2-31ff-4679-83a6-50ce0b67a70e","682607","LightSensor 1","11/16/2022 10:34 PM","0.48","0.48 lux","100","0.48|True|0","0","964010","False","100","3.06"
"d6d93750-9317-4ccf-9ef7-ac38cc68f39a","682607","LightSensor 1","11/16/2022 10:19 PM","0.86","0.86 lux","100","0.86|True|0","0","964010","False","100","3.06"
"194be275-2835-445b-895d-99f7b0a11af2","682607","LightSensor 1","11/16/2022 10:04 PM","0.07","0.07 lux","100","0.07|True|0","0","964010","False","100","3.05"
"03dcd336-deef-4e95-9b2c-7455685bab25","682607","LightSensor 1","11/16/2022 10:04 PM","0.07","0.07 lux","100","0.07|True|0","0","964010","False","100","3.05"
"0f1a9db3-9cc1-4464-9744-87019bd0613f","682607","LightSensor 1","11/16/2022 9:49 PM","0.35","0.35 lux","100","0.35|True|0","0","964010","False","100","3.06"
"0984ed45-8357-4cae-bdac-5780fe2ee9ea","682607","LightSensor 1","11/16/2022 9:49 PM","0.35","0.35 lux","100","0.35|True|0","0","964010","False","100","3.06"
"2656db0e-67f7-4aec-8b4f-96b9160aad49","682607","LightSensor 1","11/16/2022 9:34 PM","5.19","5.19 lux","100","5.19|True|0","0","964010","False","100","3.06"
"8527a3ff-9745-4bdb-b72b-c520095fb918","682607","LightSensor 1","11/16/2022 9:34 PM","5.19","5.19 lux","100","5.19|True|0","0","964010","False","100","3.06"
"abba6da4-03bc-4de2-8df7-7c7e65b831ec","682607","LightSensor 1","11/16/2022 9:19 PM","0.07","0.07 lux","100","0.07|True|0","0","964010","False","100","3.06"
"59b1a84c-a185-48b2-b134-91c77156b333","682607","LightSensor 1","11/16/2022 9:04 PM","0.86","0.86 lux","100","0.86|True|0","0","964010","False","100","3.06"
"6a98a515-51ec-4dc4-9059-24e9004ab636","682607","LightSensor 1","11/16/2022 9:04 PM","0.86","0.86 lux","100","0.86|True|0","0","964010","False","100","3.06"
"1798b7e1-eea4-41b3-9945-00e3811ff20e","682607","LightSensor 1","11/16/2022 9:04 PM","0.86","0.86 lux","100","0.86|True|0","0","964010","False","100","3.06"
"7fbd67e6-5b9c-4ae7-8286-4748ec2983aa","682607","LightSensor 1","11/16/2022 8:49 PM","1.65","1.65 lux","100","1.65|True|0","0","964010","False","100","3.06"
"3c19cd96-dfee-4cb5-87d9-cfa362eb4940","682607","LightSensor 1","11/16/2022 8:49 PM","1.65","1.65 lux","100","1.65|True|0","0","964010","False","100","3.06"
"27f965ae-ee5a-4a8b-ab93-a099b02739fe","682607","LightSensor 1","11/16/2022 8:49 PM","1.65","1.65 lux","100","1.65|True|0","0","964010","False","100","3.06"
"36692217-5a6a-4f0d-a5f7-ad32e3a1f3e5","682607","LightSensor 1","11/16/2022 8:34 PM","6.95","6.95 lux","100","6.95|True|0","0","964010","False","100","3.06"
"b23fb0c9-c721-4fdc-9524-941d6120f01c","682607","LightSensor 1","11/16/2022 8:34 PM","6.95","6.95 lux","100","6.95|True|0","0","964010","False","100","3.06"
"5ab7e216-ea1a-4da8-bb3b-6bae57872da4","682607","LightSensor 1","11/16/2022 8:34 PM","6.95","6.95 lux","100","6.95|True|0","0","964010","False","100","3.06"
"4d287822-5033-42c8-a990-ccc723741826","682607","LightSensor 1","11/16/2022 8:19 PM","9.37","9.37 lux","100","9.37|True|0","0","964010","False","100","3.06"
"7c79c9bb-3750-42ce-9703-b3ff91a0bee6","682607","LightSensor 1","11/16/2022 8:19 PM","9.37","9.37 lux","100","9.37|True|0","0","964010","False","100","3.06"
"62367f4c-dda7-4af9-aaf7-f3de0c04a002","682607","LightSensor 1","11/16/2022 8:19 PM","9.37","9.37 lux","100","9.37|True|0","0","964010","False","100","3.06"
"a253d9f9-2961-40e4-8b82-3cfcb14115c6","682607","LightSensor 1","11/16/2022 8:04 PM","9.5","9.5 lux","100","9.5|True|0","0","964010","False","100","3.06"
"a06038e9-8bed-49ab-8b88-15341aa2d2c9","682607","LightSensor 1","11/16/2022 7:49 PM","9.5","9.5 lux","100","9.5|True|0","0","964010","False","100","3.06"
"760aa86e-38ec-4f9e-97bf-0da1b9b4d8cb","682607","LightSensor 1","11/16/2022 7:34 PM","9.05","9.05 lux","100","9.05|True|0","0","964010","False","100","3.06"
"8e2f4ca0-2d73-4038-bdc9-8d12dd24d395","682607","LightSensor 1","11/16/2022 7:19 PM","9.59","9.59 lux","100","9.59|True|0","0","964010","False","100","3.06"
"29ab6693-d1ce-4b1b-b06d-720fad1be1ab","682607","LightSensor 1","11/16/2022 7:04 PM","9.59","9.59 lux","100","9.59|True|0","0","964010","False","100","3.06"
"cb132115-beec-4f8e-bf3b-8b1a8a273b9a","682607","LightSensor 1","11/16/2022 6:49 PM","9.75","9.75 lux","100","9.75|True|0","0","964010","False","100","3.06"
"83dab118-6342-43e4-8ae9-4c9c5f5f2f48","682607","LightSensor 1","11/16/2022 6:34 PM","9.54","9.54 lux","100","9.54|True|0","0","964010","False","100","3.06"
"b5fbe701-af75-407c-abfe-3239cb77c1ad","682607","LightSensor 1","11/16/2022 6:04 PM","9.73","9.73 lux","100","9.73|True|0","0","964010","False","100","3.06"
"a36fb126-b0fe-4301-9dc8-5f4fdafbdce4","682607","LightSensor 1","11/16/2022 6:04 PM","9.73","9.73 lux","100","9.73|True|0","0","964010","False","100","3.06"
"2df9fdbe-59c9-4385-bbcf-5a21cfc88bdf","682607","LightSensor 1","11/16/2022 5:49 PM","10.14","10.14 lux","100","10.14|True|0","0","964010","False","100","3.06"
"bd7d80df-87cc-429c-b83a-bf0591e17b59","682607","LightSensor 1","11/16/2022 5:34 PM","10.28","10.28 lux","100","10.28|True|0","0","964010","False","100","3.06"
"dd8ae70c-85ed-4bbe-a160-4022f9238340","682607","LightSensor 1","11/16/2022 5:19 PM","10.21","10.21 lux","100","10.21|True|0","0","964010","False","100","3.06"
"85c09e43-361a-4e29-9fb4-2489e557e0ad","682607","LightSensor 1","11/16/2022 5:04 PM","10.28","10.28 lux","100","10.28|True|0","0","964010","False","100","3.06"
"a6d3aa00-a8bf-458f-8e92-ccc63befb096","682607","LightSensor 1","11/16/2022 4:49 PM","10.46","10.46 lux","100","10.46|True|0","0","964010","False","100","3.06"
"83bf323f-0f3b-4207-a6e8-e8ec2bafd661","682607","LightSensor 1","11/16/2022 4:34 PM","11.22","11.22 lux","100","11.22|True|0","0","964010","False","100","3.06"
"8c39bde8-0826-409e-988a-e319f0edeff2","682607","LightSensor 1","11/16/2022 4:19 PM","15.55","15.55 lux","100","15.55|True|0","0","964010","False","100","3.06"
"ce70add1-3006-4a85-a4c8-2eb65aba7dc3","682607","LightSensor 1","11/16/2022 4:04 PM","31.33","31.33 lux","100","31.33|True|0","0","964010","False","100","3.06"
"8fdb4fc2-0aca-46bf-809f-c382f361096c","682607","LightSensor 1","11/16/2022 3:49 PM","86.32","86.32 lux","100","86.32|True|0","0","964010","False","100","3.06"
"d5cc5f7c-3a62-4917-b9d8-6df6cc14cda7","682607","LightSensor 1","11/16/2022 3:34 PM","256.4","256.4 lux","100","256.4|True|0","0","964010","False","100","3.06"
"25a0b1e3-deed-48cf-ac26-cc6660f0ee50","682607","LightSensor 1","11/16/2022 3:19 PM","336.8","336.8 lux","100","336.8|True|0","0","964010","False","100","3.06"
"58a1ad54-2b22-4cc8-aa28-b1e627e2254c","682607","LightSensor 1","11/16/2022 3:04 PM","360.16","360.16 lux","100","360.16|True|0","0","964010","False","100","3.06"
"290a0eb9-8faa-44a5-93eb-6b3a39c807a0","682607","LightSensor 1","11/16/2022 2:49 PM","336.48","336.48 lux","100","336.48|True|0","0","964010","False","100","3.06"
"7ec0fadf-0b7e-4a66-b1cf-7fa371333d0a","682607","LightSensor 1","11/16/2022 2:34 PM","332","332 lux","100","332|True|0","0","964010","False","100","3.06"
"97b567b9-1ad9-4526-acf0-89f86c5ce3ba","682607","LightSensor 1","11/16/2022 2:19 PM","517.76","517.76 lux","100","517.76|True|0","0","964010","False","100","3.06"
"0c5b6573-8731-44dd-8ba7-658941257655","682607","LightSensor 1","11/16/2022 2:04 PM","930.56","930.56 lux","100","930.56|True|0","0","964010","False","100","3.06"
"63f95994-e62b-4318-9eaa-602ec3b965fc","682607","LightSensor 1","11/16/2022 1:49 PM","794.24","794.24 lux","100","794.24|True|0","0","964010","False","100","3.06"
"56ee6799-6839-48a9-826a-37e04a367e85","682607","LightSensor 1","11/16/2022 1:34 PM","459.04","459.04 lux","100","459.04|True|0","0","964010","False","100","3.06"
"3e547598-8d10-4402-9f9a-2d1700627f50","682607","LightSensor 1","11/16/2022 1:19 PM","679.68","679.68 lux","100","679.68|True|0","0","964010","False","100","3.06"
"eb8209a9-8ac0-4816-8509-036a3a2f6d8d","682607","LightSensor 1","11/16/2022 1:04 PM","1049.28","1049.28 lux","100","1049.28|True|0","0","964010","False","100","3.06"
"ed922f0a-91a9-46ad-ac85-aee23a4e5c1d","682607","LightSensor 1","11/16/2022 12:49 PM","1140.48","1140.48 lux","100","1140.48|True|0","0","964010","False","100","3.06"
"b78abdf7-a31f-4226-ad38-e244bec540e3","682607","LightSensor 1","11/16/2022 12:34 PM","844.8","844.8 lux","100","844.8|True|0","0","964010","False","100","3.06"
"905888ba-30d1-4127-a51e-b9baea5e8353","682607","LightSensor 1","11/16/2022 12:19 PM","857.6","857.6 lux","100","857.6|True|0","0","964010","False","100","3.06"
"2589a5f3-d4d4-45e9-b284-3ce5a0bab8f8","682607","LightSensor 1","11/16/2022 12:04 PM","1381.76","1381.76 lux","100","1381.76|True|0","0","964010","False","100","3.06"
"e9ac5540-c8aa-42bf-baa7-56535fa03747","682607","LightSensor 1","11/16/2022 11:49 AM","1184","1184 lux","100","1184|True|0","0","964010","False","100","3.06"
"4f673b6a-adf9-4225-99dd-33d9881a8560","682607","LightSensor 1","11/16/2022 11:34 AM","372.32","372.32 lux","100","372.32|True|0","0","964010","False","100","3.06"
"c65a1921-069a-4402-b492-bb5a2bb50433","682607","LightSensor 1","11/16/2022 11:19 AM","736.96","736.96 lux","100","736.96|True|0","0","964010","False","100","3.06"
"4a25f90f-1eeb-4236-b8e3-fddf87ba1f40","682607","LightSensor 1","11/16/2022 11:04 AM","1052.48","1052.48 lux","100","1052.48|True|0","0","964010","False","100","3.06"
"f2085d67-f257-4dba-add3-00ffdcbc8f45","682607","LightSensor 1","11/16/2022 10:49 AM","684.16","684.16 lux","100","684.16|True|0","0","964010","False","100","3.06"
"a69844a4-05f6-47fa-9e62-9aff2182f040","682607","LightSensor 1","11/16/2022 10:34 AM","579.36","579.36 lux","100","579.36|True|0","0","964010","False","100","3.06"
"3aa75e0e-a967-4ecc-8dda-debbcea1b893","682607","LightSensor 1","11/16/2022 10:19 AM","460.48","460.48 lux","100","460.48|True|0","0","964010","False","100","3.06"
"40e425fe-1596-4ea0-ab99-3f0eed50a7b2","682607","LightSensor 1","11/16/2022 10:04 AM","849.92","849.92 lux","100","849.92|True|0","0","964010","False","100","3.04"
"08b25e04-3e37-453b-bf23-1f50c704d40a","682607","LightSensor 1","11/16/2022 9:49 AM","843.2","843.2 lux","100","843.2|True|0","0","964010","False","100","3.06"
"26efe6c4-242b-4dcf-a45d-99aefd9ec5f6","682607","LightSensor 1","11/16/2022 9:34 AM","443.68","443.68 lux","100","443.68|True|0","0","964010","False","100","3.06"
"3ed7beb2-1f58-4d8d-acf2-c128ba04c01f","682607","LightSensor 1","11/16/2022 9:19 AM","718.08","718.08 lux","100","718.08|True|0","0","964010","False","100","3.06"
"1fafe8db-9c54-47ea-87ab-4c5b51c022eb","682607","LightSensor 1","11/16/2022 9:04 AM","829.44","829.44 lux","100","829.44|True|0","0","964010","False","100","3.06"
"9729f34c-c82c-4b2f-ac65-b99d07a50d0a","682607","LightSensor 1","11/16/2022 8:49 AM","675.52","675.52 lux","100","675.52|True|0","0","964010","False","100","3.06"
"47c97151-98d6-489e-b3ae-dd07f6aa87fe","682607","LightSensor 1","11/16/2022 8:34 AM","556.16","556.16 lux","100","556.16|True|0","0","964010","False","100","3.06"
"3551caa8-2df4-48ca-9338-e5ebf6fc3e74","682607","LightSensor 1","11/16/2022 8:19 AM","399.2","399.2 lux","100","399.2|True|0","0","964010","False","100","3.06"
"a9abbce5-5e84-42ee-a464-d9395a6775f5","682607","LightSensor 1","11/16/2022 8:04 AM","182.32","182.32 lux","100","182.32|True|0","0","964010","False","100","3.06"
"720b6b93-e021-4cea-8d83-b6b2d9c4699e","682607","LightSensor 1","11/16/2022 7:49 AM","108.84","108.84 lux","100","108.84|True|0","0","964010","False","100","3.06"
"047db3fa-0fa2-4350-ad9c-f18a004b2001","682607","LightSensor 1","11/16/2022 7:34 AM","24.66","24.66 lux","100","24.66|True|0","0","964010","False","100","3.06"
"524c1c7a-f34a-42a7-a013-b75b9599b8fe","682607","LightSensor 1","11/16/2022 7:19 AM","16.56","16.56 lux","100","16.56|True|0","0","964010","False","100","3.06"
"7d22e804-6367-4f27-aac5-8619b508a47c","682607","LightSensor 1","11/16/2022 7:04 AM","9.56","9.56 lux","100","9.56|True|0","0","964010","False","100","3.06"
"827b75be-ad30-4539-adc8-1e7bf93d7676","682607","LightSensor 1","11/16/2022 6:49 AM","9.2","9.2 lux","100","9.2|True|0","0","964010","False","100","3.06"
"d851a91b-fd80-4feb-ac65-d0ef868ab3bd","682607","LightSensor 1","11/16/2022 6:34 AM","9.55","9.55 lux","100","9.55|True|0","0","964010","False","100","3.06"
"50d810fb-b112-4a8a-8a0f-34a4176191bc","682607","LightSensor 1","11/16/2022 6:19 AM","9.39","9.39 lux","100","9.39|True|0","0","964010","False","100","3.06"
"9ffd3cbe-3659-4f78-b753-9b1c32b4f865","682607","LightSensor 1","11/16/2022 6:04 AM","6.82","6.82 lux","100","6.82|True|0","0","964010","False","100","3.06"
"5620d45b-7b57-40e8-a645-a1b710890369","682607","LightSensor 1","11/16/2022 5:49 AM","6.67","6.67 lux","100","6.67|True|0","0","964010","False","100","3.06"
"7e1f6db6-ee46-40eb-b797-5c0171df7cb7","682607","LightSensor 1","11/16/2022 5:34 AM","0.1","0.1 lux","100","0.1|True|0","0","964010","False","100","3.06"
"80de0ae4-f830-4bd4-9710-c271409f6dba","682607","LightSensor 1","11/16/2022 5:19 AM","0.08","0.08 lux","100","0.08|True|0","0","964010","False","100","3.06"
"73bfbde6-4cac-46ff-80e2-386ddf3df058","682607","LightSensor 1","11/16/2022 5:04 AM","0.88","0.88 lux","100","0.88|True|0","0","964010","False","100","3.06"
"2a001031-62a7-46c3-9e0d-547fefb2eb69","682607","LightSensor 1","11/16/2022 4:49 AM","0.88","0.88 lux","100","0.88|True|0","0","964010","False","100","3.06"
"2219e963-4d35-456f-9e0b-81acd0ba4a6a","682607","LightSensor 1","11/16/2022 4:34 AM","0.08","0.08 lux","100","0.08|True|0","0","964010","False","100","3.06"
"66a7a266-6db6-4024-863b-968bea46a471","682607","LightSensor 1","11/16/2022 4:19 AM","0.25","0.25 lux","100","0.25|True|0","0","964010","False","100","3.06"
"450acc10-fde2-4a7c-b280-5d0ee315a138","682607","LightSensor 1","11/16/2022 4:04 AM","6.83","6.83 lux","100","6.83|True|0","0","964010","False","100","3.06"
"21c377a4-6d6d-48db-9039-7d91a43a6bb0","682607","LightSensor 1","11/16/2022 3:49 AM","0.88","0.88 lux","100","0.88|True|0","0","964010","False","100","3.06"
"ce8176aa-4cea-4f7e-b9c9-2508f596c09a","682607","LightSensor 1","11/16/2022 3:49 AM","0.88","0.88 lux","100","0.88|True|0","0","964010","False","100","3.06"
"859fb74e-ffe7-4d9a-87a5-cda8c264e3c2","682607","LightSensor 1","11/16/2022 3:49 AM","0.88","0.88 lux","100","0.88|True|0","0","964010","False","100","3.06"
"827c7666-ee88-47b8-879c-a6b1d9ab05a1","682607","LightSensor 1","11/16/2022 3:34 AM","0.08","0.08 lux","100","0.08|True|0","0","964010","False","100","3.06"
"ca81ad19-c6fa-4236-88cf-2d7f3761e1a4","682607","LightSensor 1","11/16/2022 3:34 AM","0.08","0.08 lux","100","0.08|True|0","0","964010","False","100","3.06"
"341cf4ac-068b-463e-9184-6cc17f6cdd0a","682607","LightSensor 1","11/16/2022 3:34 AM","0.08","0.08 lux","100","0.08|True|0","0","964010","False","100","3.06"
"c0ab2996-cbc8-43b9-8b41-61eacfc83c44","682607","LightSensor 1","11/16/2022 3:19 AM","0.08","0.08 lux","100","0.08|True|0","0","964010","False","100","3.06"
"3ae9a672-3068-49fe-b451-a4e4e3ad776f","682607","LightSensor 1","11/16/2022 3:19 AM","0.08","0.08 lux","100","0.08|True|0","0","964010","False","100","3.06"
"2d53d12b-3f59-4350-a43a-d3143b6f1573","682607","LightSensor 1","11/16/2022 3:19 AM","0.08","0.08 lux","100","0.08|True|0","0","964010","False","100","3.06"
"d9e049bd-f81c-4f99-ae07-587f1dc69994","682607","LightSensor 1","11/16/2022 3:04 AM","0.87","0.87 lux","100","0.87|True|0","0","964010","False","100","3.06"
"2ad176cf-c732-454e-90e4-30b118cf8f95","682607","LightSensor 1","11/16/2022 2:49 AM","0.88","0.88 lux","100","0.88|True|0","0","964010","False","100","3.06"
"d3ab46a5-705f-421a-8a6a-871ea37f8ca7","682607","LightSensor 1","11/16/2022 2:34 AM","0.08","0.08 lux","100","0.08|True|0","0","964010","False","100","3.06"
"f3b0ef02-42ad-4bd1-85fb-52992c447110","682607","LightSensor 1","11/16/2022 2:19 AM","0.08","0.08 lux","100","0.08|True|0","0","964010","False","100","3.06"
"2baea260-9a2c-4718-8587-7875063044b8","682607","LightSensor 1","11/16/2022 2:04 AM","0.87","0.87 lux","100","0.87|True|0","0","964010","False","100","3.06"
"9672c7e7-56c8-402e-b1d8-35da179eb490","682607","LightSensor 1","11/16/2022 2:04 AM","0.87","0.87 lux","100","0.87|True|0","0","964010","False","100","3.06"
"00477867-2325-46ad-ad4b-8e0185251e7c","682607","LightSensor 1","11/16/2022 1:49 AM","0.88","0.88 lux","100","0.88|True|0","0","964010","False","100","3.06"
"260254b0-b657-488f-98b9-540ba62570c6","682607","LightSensor 1","11/16/2022 1:49 AM","0.88","0.88 lux","100","0.88|True|0","0","964010","False","100","3.06"
"ca25e7e3-a8aa-4ab6-a522-a4dcd3aa6fdf","682607","LightSensor 1","11/16/2022 1:34 AM","0.08","0.08 lux","100","0.08|True|0","0","964010","False","100","3.06"
"c514b379-6666-4bdd-bc2c-affab83e1286","682607","LightSensor 1","11/16/2022 1:34 AM","0.08","0.08 lux","100","0.08|True|0","0","964010","False","100","3.06"
"b45f4d9a-528c-4b13-be56-e597920736d5","682607","LightSensor 1","11/16/2022 1:19 AM","0.08","0.08 lux","100","0.08|True|0","0","964010","False","100","3.06"
"746a2298-f6be-420d-95b2-664f722ef674","682607","LightSensor 1","11/16/2022 1:19 AM","0.08","0.08 lux","100","0.08|True|0","0","964010","False","100","3.06"
"00b4e96a-6639-4bc9-94c8-7bce7d34cde2","682607","LightSensor 1","11/16/2022 1:04 AM","0.86","0.86 lux","100","0.86|True|0","0","964010","False","100","3.06"
"c94c0421-bc9d-464c-b4d3-a4e079f74ad0","682607","LightSensor 1","11/16/2022 12:49 AM","0.88","0.88 lux","100","0.88|True|0","0","964010","False","100","3.06"
"0c91e2c4-6d8c-4c1b-9051-63023d202bac","682607","LightSensor 1","11/16/2022 12:34 AM","0.08","0.08 lux","100","0.08|True|0","0","964010","False","100","3.06"
"ea8b4d47-9fe0-457f-8c35-801bc5b7a3d5","682607","LightSensor 1","11/16/2022 12:19 AM","0.08","0.08 lux","100","0.08|True|0","0","964010","False","100","3.06"
"2810598b-3bd9-45e2-a729-c6bbe50c1d50","682607","LightSensor 1","11/16/2022 12:04 AM","0.86","0.86 lux","100","0.86|True|0","0","964010","False","100","3.06"
"ad15cab2-8d39-4459-aa5d-c1de74a1c9bb","682607","LightSensor 1","11/15/2022 11:49 PM","0.87","0.87 lux","100","0.87|True|0","0","964010","False","100","3.06"
"66212dfc-0826-47b9-8e35-fe922ad6643d","682607","LightSensor 1","11/15/2022 11:34 PM","0.07","0.07 lux","100","0.07|True|0","0","964010","False","100","3.06"
"2d65a2b3-47df-4e75-bb51-ecb78182176d","682607","LightSensor 1","11/15/2022 11:19 PM","0.07","0.07 lux","100","0.07|True|0","0","964010","False","100","3.06"
"19b599f4-39b3-439a-ab32-29ff3afb0d37","682607","LightSensor 1","11/15/2022 11:04 PM","0.86","0.86 lux","100","0.86|True|0","0","964010","False","100","3.06"
"0786f9f8-06af-4f8e-895a-934a4151768f","682607","LightSensor 1","11/15/2022 10:49 PM","0.86","0.86 lux","100","0.86|True|0","0","964010","False","100","3.06"
"1716d6ab-823e-4ba0-9b85-57c0eb69ab43","682607","LightSensor 1","11/15/2022 10:34 PM","8.21","8.21 lux","100","8.21|True|0","0","964010","False","100","3.06"
"a0f47c10-0547-4214-95ff-6794918c5991","682607","LightSensor 1","11/15/2022 10:19 PM","9.57","9.57 lux","100","9.57|True|0","0","964010","False","100","3.06"
"5937e6f8-e99a-4756-8b8b-53799b2aca91","682607","LightSensor 1","11/15/2022 10:04 PM","0.07","0.07 lux","100","0.07|True|0","0","964010","False","100","3.04"
"1ea771d2-15e6-41f1-bdc1-214aaf86fd3b","682607","LightSensor 1","11/15/2022 9:49 PM","0.07","0.07 lux","100","0.07|True|0","0","964010","False","100","3.06"
"246c4fc6-639c-4033-8c46-d098e6aa0ae5","682607","LightSensor 1","11/15/2022 9:34 PM","9.32","9.32 lux","100","9.32|True|0","0","964010","False","100","3.06"
"1b7b8921-1b1e-4f36-9c83-5c26950c0872","682607","LightSensor 1","11/15/2022 9:19 PM","9.42","9.42 lux","100","9.42|True|0","0","964010","False","100","3.06"
"1dda6159-274d-45a4-8671-2c69d476f4a4","682607","LightSensor 1","11/15/2022 9:04 PM","9.61","9.61 lux","100","9.61|True|0","0","964010","False","100","3.06"
"5d7a0462-bc8a-4f7b-a97e-e9cf26aed04a","682607","LightSensor 1","11/15/2022 8:49 PM","9.61","9.61 lux","100","9.61|True|0","0","964010","False","100","3.06"
"a1768ed0-93f3-429a-b494-6addfeeb1605","682607","LightSensor 1","11/15/2022 8:34 PM","8.26","8.26 lux","100","8.26|True|0","0","964010","False","100","3.06"
"f65b45aa-f2ec-4ada-8f07-cfac0cc4c9da","682607","LightSensor 1","11/15/2022 8:19 PM","9.34","9.34 lux","100","9.34|True|0","0","964010","False","100","3.06"
"9fc3379b-5756-45bb-9c95-0cfecc133d78","682607","LightSensor 1","11/15/2022 8:04 PM","9.73","9.73 lux","100","9.73|True|0","0","964010","False","100","3.06"
"e418e8c3-9abe-481e-a5b1-ab84db0a3064","682607","LightSensor 1","11/15/2022 7:49 PM","9.74","9.74 lux","100","9.74|True|0","0","964010","False","100","3.06"
"b74d9bbf-413a-4dcd-8885-14806949bbb7","682607","LightSensor 1","11/15/2022 7:34 PM","9.53","9.53 lux","100","9.53|True|0","0","964010","False","100","3.06"
"f838bfb2-f5e3-49a3-8dc4-840a4f941ed2","682607","LightSensor 1","11/15/2022 7:19 PM","9.74","9.74 lux","100","9.74|True|0","0","964010","False","100","3.06"
"50f00367-9aa0-498f-b6df-bf3f83a2c245","682607","LightSensor 1","11/15/2022 7:04 PM","9.75","9.75 lux","100","9.75|True|0","0","964010","False","100","3.06"
"bd6f48a5-b080-4a4d-af83-a211d6175d05","682607","LightSensor 1","11/15/2022 6:49 PM","9.74","9.74 lux","100","9.74|True|0","0","964010","False","100","3.06"
"0dc743ee-c574-4068-a684-9d78ed63976d","682607","LightSensor 1","11/15/2022 6:34 PM","9.7","9.7 lux","100","9.7|True|0","0","964010","False","100","3.06"
"d7a05071-e576-4764-a016-0c9603d29782","682607","LightSensor 1","11/15/2022 6:19 PM","9.93","9.93 lux","100","9.93|True|0","0","964010","False","100","3.06"
"fbe6f4e4-b590-4ddc-9e14-dcf231a9d5d4","682607","LightSensor 1","11/15/2022 6:04 PM","10.39","10.39 lux","100","10.39|True|0","0","964010","False","100","3.06"
"ed7627ec-ec5d-48ed-9e8f-c81ec056c22d","682607","LightSensor 1","11/15/2022 5:49 PM","10.82","10.82 lux","100","10.82|True|0","0","964010","False","100","3.06"
"1376b4c4-785e-4d19-9373-e5c0b3c48b73","682607","LightSensor 1","11/15/2022 5:34 PM","10.85","10.85 lux","100","10.85|True|0","0","964010","False","100","3.06"
"de4b07d2-0308-4e4e-8d9f-27077542381d","682607","LightSensor 1","11/15/2022 5:19 PM","10.85","10.85 lux","100","10.85|True|0","0","964010","False","100","3.06"
"a0941647-a5bb-4202-9fe4-604f69570f28","682607","LightSensor 1","11/15/2022 5:19 PM","10.85","10.85 lux","100","10.85|True|0","0","964010","False","100","3.06"
"6bf0ae9e-e0e3-4f57-89f7-ac69972b5e82","682607","LightSensor 1","11/15/2022 5:04 PM","10.51","10.51 lux","100","10.51|True|0","0","964010","False","100","3.06"
"b7250e8f-eca0-4684-9c39-128dd2c81b27","682607","LightSensor 1","11/15/2022 4:49 PM","10.51","10.51 lux","100","10.51|True|0","0","964010","False","100","3.06"
"68d57cf6-1143-47a5-9346-9e6307feeae7","682607","LightSensor 1","11/15/2022 4:34 PM","10.72","10.72 lux","100","10.72|True|0","0","964010","False","100","3.06"
"f83c3f6d-c5de-4d76-b65e-602ed0b1b5b0","682607","LightSensor 1","11/15/2022 4:19 PM","12.81","12.81 lux","100","12.81|True|0","0","964010","False","100","3.06"
"e9289828-b267-449e-a147-e1758e7c4934","682607","LightSensor 1","11/15/2022 4:04 PM","18.88","18.88 lux","100","18.88|True|0","0","964010","False","100","3.06"
"24a8ea82-d5eb-4695-9406-199110e9b8d2","682607","LightSensor 1","11/15/2022 3:49 PM","45.3","45.3 lux","100","45.3|True|0","0","964010","False","100","3.06"
"c85674fb-177f-48e6-a684-d4d4eed707c5","682607","LightSensor 1","11/15/2022 3:34 PM","50.48","50.48 lux","100","50.48|True|0","0","964010","False","100","3.06"
"0a4ea968-c494-4fd2-b7df-4be3c12e3e57","682607","LightSensor 1","11/15/2022 3:19 PM","36.04","36.04 lux","100","36.04|True|0","0","964010","False","100","3.06"
"eb7b3090-c3ca-4e8b-9e23-8620ca794f29","682607","LightSensor 1","11/15/2022 3:04 PM","107.92","107.92 lux","100","107.92|True|0","0","964010","False","100","3.06"
"56f7c6f4-7b06-45ee-8626-3934bd7e8d7e","682607","LightSensor 1","11/15/2022 2:49 PM","135.92","135.92 lux","100","135.92|True|0","0","964010","False","100","3.05"
"2da42616-ce7e-4d8d-a1ab-45a83182fddf","682607","LightSensor 1","11/15/2022 2:49 PM","136.84","136.84 lux","100","136.84|True|0","0","964010","False","100","3.06"
"9bc20e44-3fa1-4c21-b4ce-808d14db2728","682607","LightSensor 1","11/15/2022 2:19 PM","190.24","190.24 lux","100","190.24|True|0","0","964010","False","100","3.06"
"44c875f7-33b9-4e3b-8ada-883f33d57393","682607","LightSensor 1","11/15/2022 1:49 PM","185.44","185.44 lux","100","185.44|True|0","0","964010","False","100","3.06"
"9a5a95ba-ea4b-4ffa-9239-e4b7d9f18443","682607","LightSensor 1","11/15/2022 1:19 PM","266.64","266.64 lux","100","266.64|True|0","0","964010","False","100","3.06"
"3c5504a8-bfff-4778-9457-4bf4fd80f193","682607","LightSensor 1","11/15/2022 12:49 PM","455.68","455.68 lux","100","455.68|True|0","0","964010","False","100","3.06"
"65ad9da7-60de-41ce-88eb-f9cc4e623adb","682607","LightSensor 1","11/15/2022 12:19 PM","437.12","437.12 lux","100","437.12|True|0","0","964010","False","100","3.06"
"7c379e4e-371f-4040-a201-67f8caefbce0","682607","LightSensor 1","11/15/2022 11:49 AM","603.2","603.2 lux","100","603.2|True|0","0","964010","False","100","3.06"
"dc067671-8995-440c-be32-ce04cf1a287c","682607","LightSensor 1","11/15/2022 11:19 AM","764.48","764.48 lux","100","764.48|True|0","0","964010","False","100","3.06"
"fa1333d2-b6c1-4a75-afe7-6f0aea58a94e","682607","LightSensor 1","11/15/2022 10:49 AM","664.64","664.64 lux","100","664.64|True|0","0","964010","False","100","3.06"
"0c3a4a5b-4351-40b3-ac83-61dd40096960","682607","LightSensor 1","11/15/2022 10:19 AM","362.72","362.72 lux","100","362.72|True|0","0","964010","False","100","3.05"
"05de5044-fa45-4c24-8054-32013d339aaf","682607","LightSensor 1","11/15/2022 9:49 AM","242.88","242.88 lux","100","242.88|True|0","0","964010","False","100","3.06"
"ce0caa0f-b219-46da-9c8c-37df59791b4e","682607","LightSensor 1","11/15/2022 9:19 AM","296.72","296.72 lux","100","296.72|True|0","0","964010","False","100","3.06"
"0fc6c23f-e7d3-43f4-8257-f05e6d95ea6e","682607","LightSensor 1","11/15/2022 8:49 AM","175.04","175.04 lux","100","175.04|True|0","0","964010","False","100","3.06"
"69100de4-4f72-4021-a22b-83b7af47bdf0","682607","LightSensor 1","11/15/2022 8:19 AM","128.64","128.64 lux","100","128.64|True|0","0","964010","False","100","3.06"
"e6bb4858-908d-4152-a343-2bd76a272e48","682607","LightSensor 1","11/15/2022 7:49 AM","69.48","69.48 lux","100","69.48|True|0","0","964010","False","100","3.06"
"a5c14aa0-aa39-49c0-bc60-2fc26e45c5ff","682607","LightSensor 1","11/15/2022 7:19 AM","15.18","15.18 lux","100","15.18|True|0","0","964010","False","100","3.06"
"d7d3722d-e6b4-4dfe-a23a-f5bfdd099d5a","682607","LightSensor 1","11/15/2022 6:49 AM","9.94","9.94 lux","100","9.94|True|0","0","964010","False","100","3.06"
"b1fb337a-463a-4ab3-a1c9-ffb76e2ab956","682607","LightSensor 1","11/15/2022 6:19 AM","9.66","9.66 lux","100","9.66|True|0","0","964010","False","100","3.06"
"f3ba783b-bc38-484c-93ed-8755735e9d1c","682607","LightSensor 1","11/15/2022 5:49 AM","6.7","6.7 lux","100","6.7|True|0","0","964010","False","100","3.06"
"221cb338-a65d-44f5-b0ed-f7148fe38fa0","682607","LightSensor 1","11/15/2022 5:19 AM","0.08","0.08 lux","100","0.08|True|0","0","964010","False","100","3.06"
"db9bcc22-498c-4e59-9a38-2ef639d1f857","682607","LightSensor 1","11/15/2022 4:49 AM","0.88","0.88 lux","100","0.88|True|0","0","964010","False","100","3.06"
"b5504ac2-5f7e-4b72-bbc1-09abe35829e2","682607","LightSensor 1","11/15/2022 4:19 AM","6.06","6.06 lux","100","6.06|True|0","0","964010","False","100","3.06"
"65f1e82d-6091-458b-acc3-72429dc17606","682607","LightSensor 1","11/15/2022 3:49 AM","0.89","0.89 lux","100","0.89|True|0","0","964010","False","100","3.06"
"fec4871a-3593-4c61-8c4f-c321b0273a88","682607","LightSensor 1","11/15/2022 3:19 AM","0.1","0.1 lux","100","0.1|True|0","0","964010","False","100","3.06"
"31df70c2-f625-4423-ae00-811920fed645","682607","LightSensor 1","11/15/2022 2:49 AM","0.91","0.91 lux","100","0.91|True|0","0","964010","False","100","3.06"
"d60f7925-38c9-4a9c-a20d-b8dfafdb43f3","682607","LightSensor 1","11/15/2022 2:19 AM","0.1","0.1 lux","100","0.1|True|0","0","964010","False","100","3.06"
"64ce60eb-547e-4eaa-b54e-4fd169f25520","682607","LightSensor 1","11/15/2022 1:49 AM","0.92","0.92 lux","100","0.92|True|0","0","964010","False","100","3.06"
"6a077864-cd04-42b0-8c64-1a9e0599c5cf","682607","LightSensor 1","11/15/2022 1:19 AM","6.14","6.14 lux","100","6.14|True|0","0","964010","False","100","3.06"
"f026a148-5376-4dbd-81ab-16ec88692d52","682607","LightSensor 1","11/15/2022 12:49 AM","0.91","0.91 lux","100","0.91|True|0","0","964010","False","100","3.06"
"44342669-e046-44c6-839f-40398d8c8ce3","682607","LightSensor 1","11/15/2022 12:19 AM","0.11","0.11 lux","100","0.11|True|0","0","964010","False","100","3.06"
"9e1de5af-c3d9-4ab4-97a7-2811ca075f2d","682607","LightSensor 1","11/14/2022 11:49 PM","0.9","0.9 lux","100","0.9|True|0","0","964010","False","100","3.06"
"6fbb9abe-913b-464f-b0d9-b588d3682486","682607","LightSensor 1","11/14/2022 11:19 PM","0.28","0.28 lux","100","0.28|True|0","0","964010","False","100","3.06"
"0ad28baf-abc7-474d-84cf-d3736d75d6a4","682607","LightSensor 1","11/14/2022 10:49 PM","8.78","8.78 lux","100","8.78|True|0","0","964010","False","100","3.06"
"d4ca4870-dfc8-4846-95fd-26fc9bc09438","682607","LightSensor 1","11/14/2022 10:19 PM","7.45","7.45 lux","100","7.45|True|0","0","964010","False","100","3.05"
"bcf085a9-14a8-4fed-bb42-00839f62929f","682607","LightSensor 1","11/14/2022 9:49 PM","9.5","9.5 lux","100","9.5|True|0","0","964010","False","100","3.06"
"17af1a3e-8057-489a-9576-727475affa12","682607","LightSensor 1","11/14/2022 9:19 PM","9.15","9.15 lux","100","9.15|True|0","0","964010","False","100","3.06"
"a9fe3e7f-da3c-4a30-8966-d3488715915b","682607","LightSensor 1","11/14/2022 8:49 PM","7.69","7.69 lux","100","7.69|True|0","0","964010","False","100","3.06"
"e0b50215-4fac-499e-81d8-43942d750a68","682607","LightSensor 1","11/14/2022 8:19 PM","9.59","9.59 lux","100","9.59|True|0","0","964010","False","100","3.06"
"04dd00f0-24cb-41f8-af5e-050155e7782f","682607","LightSensor 1","11/14/2022 7:49 PM","9.73","9.73 lux","100","9.73|True|0","0","964010","False","100","3.06"
"ea560694-8546-414a-83db-28e2fca4b560","682607","LightSensor 1","11/14/2022 7:19 PM","9.83","9.83 lux","100","9.83|True|0","0","964010","False","100","3.06"
"c7e6d89c-d917-4608-b32e-12f8787b031a","682607","LightSensor 1","11/14/2022 6:49 PM","9.83","9.83 lux","100","9.83|True|0","0","964010","False","100","3.06"
"5d59dd84-724d-494a-9fd3-1c522cf3f625","682607","LightSensor 1","11/14/2022 6:19 PM","9.92","9.92 lux","100","9.92|True|0","0","964010","False","100","3.06"
"6aea967c-37aa-4247-8406-3aa051d63114","682607","LightSensor 1","11/14/2022 5:49 PM","10.37","10.37 lux","100","10.37|True|0","0","964010","False","100","3.06"
"79068ed0-544c-4024-b615-e3239cd1d0ba","682607","LightSensor 1","11/14/2022 5:19 PM","10.36","10.36 lux","100","10.36|True|0","0","964010","False","100","3.06"
"0159755e-934d-4088-bc32-43863b173946","682607","LightSensor 1","11/14/2022 4:49 PM","10.86","10.86 lux","100","10.86|True|0","0","964010","False","100","3.06"
"386c66fa-320f-46ad-ac56-f2e14787db2d","682607","LightSensor 1","11/14/2022 4:19 PM","14.5","14.5 lux","100","14.5|True|0","0","964010","False","100","3.06"
"a7bd63ea-fbdc-4f6c-b43d-9dbff29fec67","682607","LightSensor 1","11/14/2022 3:49 PM","49.5","49.5 lux","100","49.5|True|0","0","964010","False","100","3.06"
"9653035c-fe67-4bb4-8703-560cb39ed8b9","682607","LightSensor 1","11/14/2022 3:19 PM","154.36","154.36 lux","100","154.36|True|0","0","964010","False","100","3.06"
"1620f59e-4056-4d15-a431-33476d8a860e","682607","LightSensor 1","11/14/2022 2:49 PM","110.64","110.64 lux","100","110.64|True|0","0","964010","False","100","3.06"
"1e8485fc-e9d1-41ca-9cee-3b085d7aa094","682607","LightSensor 1","11/14/2022 2:19 PM","343.68","343.68 lux","100","343.68|True|0","0","964010","False","100","3.06"
"10ec6ea8-1a0e-497b-a7e9-270bc2d470a7","682607","LightSensor 1","11/14/2022 1:49 PM","459.68","459.68 lux","100","459.68|True|0","0","964010","False","100","3.06"
"96a21bbc-2989-4658-984a-61be6a0884cb","682607","LightSensor 1","11/14/2022 1:19 PM","584.32","584.32 lux","100","584.32|True|0","0","964010","False","100","3.06"
"4c7fed9b-c01d-4fc3-8f75-f727a95d6d21","682607","LightSensor 1","11/14/2022 12:49 PM","749.44","749.44 lux","100","749.44|True|0","0","964010","False","100","3.06"
"b7040dea-d29c-4283-84ff-e5e95c911210","682607","LightSensor 1","11/14/2022 12:19 PM","669.12","669.12 lux","100","669.12|True|0","0","964010","False","100","3.06"
"e498ebc8-3aaf-4e5e-ba21-69dd84e9dd91","682607","LightSensor 1","11/14/2022 11:49 AM","1223.04","1223.04 lux","100","1223.04|True|0","0","964010","False","100","3.06"
"7889ece1-bb4d-4b33-b22f-2d130b976d95","682607","LightSensor 1","11/14/2022 11:19 AM","639.2","639.2 lux","100","639.2|True|0","0","964010","False","100","3.06"
"f0a9b6f7-185d-4067-b63a-4578b391f0a3","682607","LightSensor 1","11/14/2022 10:49 AM","17.42","17.42 lux","100","17.42|True|0","0","964010","False","100","3.06"
"b03d5b73-d709-4eba-8223-026438779170","682607","LightSensor 1","11/14/2022 10:19 AM","16.16","16.16 lux","100","16.16|True|0","0","964010","False","100","3.05"
"475d33b3-ada9-43de-aea2-07f0bf4b3b2f","682607","LightSensor 1","11/14/2022 9:49 AM","15.63","15.63 lux","100","15.63|True|0","0","964010","False","100","3.04"
"b033046c-4928-4fa5-a0d2-bf47518b5802","682607","LightSensor 1","11/14/2022 9:49 AM","14.01","14.01 lux","100","14.01|True|0","0","964010","False","100","3.06"
"fb9febbf-10eb-4385-b79a-b85e37e9b1a4","682607","LightSensor 1","11/14/2022 7:49 AM","137.04","137.04 lux","100","137.04|True|0","0","964010","False","100","3.06"
"661f5e03-dbb4-4e06-9f61-345fb1c489da","682607","LightSensor 1","11/14/2022 5:49 AM","0.21","0.21 lux","100","0.21|True|0","0","964010","False","100","3.06"
"7e859614-7001-474b-8764-802099444089","682607","LightSensor 1","11/14/2022 3:49 AM","0.17","0.17 lux","100","0.17|True|0","0","964010","False","100","3.06"
"4ca22860-b404-4e95-9490-b4ab115fbafe","682607","LightSensor 1","11/14/2022 1:49 AM","0.47","0.47 lux","100","0.47|True|0","0","964010","False","100","3.06"
